solid OpenSCAD_Model
  facet normal 0 0 -1
    outer loop
      vertex -18.055 0.0750504 0.584975
      vertex -18 10 0.584975
      vertex -18 0.0750504 0.584975
    endloop
  endfacet
  facet normal -0 0 -1
    outer loop
      vertex -18 10 0.584975
      vertex -18.055 0.0750504 0.584975
      vertex -18.055 10 0.584975
    endloop
  endfacet
  facet normal 1 0 0
    outer loop
      vertex -12.605 2 5.58497
      vertex -12.605 0.0750504 5.58497
      vertex -12.605 2 5.1
    endloop
  endfacet
  facet normal 1 0 0
    outer loop
      vertex -12.605 7.9 5.1
      vertex -12.605 10 5.58497
      vertex -12.605 7.9 5.58497
    endloop
  endfacet
  facet normal 1 0 0
    outer loop
      vertex -12.605 10 5.58497
      vertex -12.605 7.9 5.1
      vertex -12.605 10 4.08497
    endloop
  endfacet
  facet normal 1 0 0
    outer loop
      vertex -12.605 0.0750504 4.08497
      vertex -12.605 7.9 5.1
      vertex -12.605 2 5.1
    endloop
  endfacet
  facet normal 1 0 0
    outer loop
      vertex -12.605 7.9 5.1
      vertex -12.605 0.0750504 4.08497
      vertex -12.605 10 4.08497
    endloop
  endfacet
  facet normal 1 0 0
    outer loop
      vertex -12.605 0.0750504 4.08497
      vertex -12.605 2 5.1
      vertex -12.605 0.0750504 5.58497
    endloop
  endfacet
  facet normal -1 0 0
    outer loop
      vertex -18.505 0.0750504 4.08497
      vertex -18.505 10 5.58497
      vertex -18.505 10 4.08497
    endloop
  endfacet
  facet normal -1 -0 0
    outer loop
      vertex -18.505 10 5.58497
      vertex -18.505 0.0750504 4.08497
      vertex -18.505 0.0750504 5.58497
    endloop
  endfacet
  facet normal 0 -1 0
    outer loop
      vertex -21.055 0.0750504 3.08497
      vertex -18.505 0.0750504 4.08497
      vertex -21.055 0.0750504 4.08497
    endloop
  endfacet
  facet normal 0 -1 0
    outer loop
      vertex -18.505 0.0750504 4.08497
      vertex -18 0.0750504 0.6
      vertex -12.605 0.0750504 4.08497
    endloop
  endfacet
  facet normal 0 -1 0
    outer loop
      vertex -18.055 0.0750504 0.584975
      vertex -18.505 0.0750504 4.08497
      vertex -21.055 0.0750504 3.08497
    endloop
  endfacet
  facet normal 0 -1 0
    outer loop
      vertex -13.037 0.0750504 0.6
      vertex -12.605 0.0750504 4.08497
      vertex -18 0.0750504 0.6
    endloop
  endfacet
  facet normal -0 -1 0
    outer loop
      vertex -10.055 0.0750504 3.08497
      vertex -12.605 0.0750504 4.08497
      vertex -13.037 0.0750504 0.6
    endloop
  endfacet
  facet normal 0 -1 0
    outer loop
      vertex -18.505 0.0750504 4.08497
      vertex -18.055 0.0750504 0.584975
      vertex -18 0.0750504 0.6
    endloop
  endfacet
  facet normal 0 -1 -0
    outer loop
      vertex -18 0.0750504 0.6
      vertex -18.055 0.0750504 0.584975
      vertex -18 0.0750504 0.584975
    endloop
  endfacet
  facet normal 0 -1 0
    outer loop
      vertex -18.505 0.0750504 4.08497
      vertex -12.605 0.0750504 5.58497
      vertex -18.505 0.0750504 5.58497
    endloop
  endfacet
  facet normal 0 -1 -0
    outer loop
      vertex -12.605 0.0750504 5.58497
      vertex -18.505 0.0750504 4.08497
      vertex -12.605 0.0750504 4.08497
    endloop
  endfacet
  facet normal 0 -1 0
    outer loop
      vertex -12.605 0.0750504 4.08497
      vertex -10.055 0.0750504 3.08497
      vertex -10.055 0.0750504 4.08497
    endloop
  endfacet
  facet normal 0 0 1
    outer loop
      vertex -12.605 10 5.58497
      vertex -18.5 7.9 5.58497
      vertex -12.605 7.9 5.58497
    endloop
  endfacet
  facet normal 0 0 1
    outer loop
      vertex -18.5 7.9 5.58497
      vertex -18.505 10 5.58497
      vertex -18.5 2 5.58497
    endloop
  endfacet
  facet normal -0 0 1
    outer loop
      vertex -18.505 10 5.58497
      vertex -18.5 7.9 5.58497
      vertex -12.605 10 5.58497
    endloop
  endfacet
  facet normal -0 0 1
    outer loop
      vertex -18.5 2 5.58497
      vertex -12.605 0.0750504 5.58497
      vertex -12.605 2 5.58497
    endloop
  endfacet
  facet normal 0 0 1
    outer loop
      vertex -18.5 2 5.58497
      vertex -18.505 0.0750504 5.58497
      vertex -12.605 0.0750504 5.58497
    endloop
  endfacet
  facet normal 0 0 1
    outer loop
      vertex -18.505 0.0750504 5.58497
      vertex -18.5 2 5.58497
      vertex -18.505 10 5.58497
    endloop
  endfacet
  facet normal -0 0 1
    outer loop
      vertex -12.605 10 4.08497
      vertex -10.055 0.0750504 4.08497
      vertex -10.055 10 4.08497
    endloop
  endfacet
  facet normal 0 0 1
    outer loop
      vertex -10.055 0.0750504 4.08497
      vertex -12.605 10 4.08497
      vertex -12.605 0.0750504 4.08497
    endloop
  endfacet
  facet normal -0 0 1
    outer loop
      vertex -21.055 10 4.08497
      vertex -18.505 0.0750504 4.08497
      vertex -18.505 10 4.08497
    endloop
  endfacet
  facet normal 0 0 1
    outer loop
      vertex -18.505 0.0750504 4.08497
      vertex -21.055 10 4.08497
      vertex -21.055 0.0750504 4.08497
    endloop
  endfacet
  facet normal 1 -0 0
    outer loop
      vertex -10.055 0.0750504 4.08497
      vertex -10.055 10 3.08497
      vertex -10.055 10 4.08497
    endloop
  endfacet
  facet normal 1 0 0
    outer loop
      vertex -10.055 10 3.08497
      vertex -10.055 0.0750504 4.08497
      vertex -10.055 0.0750504 3.08497
    endloop
  endfacet
  facet normal -1 0 0
    outer loop
      vertex -21.055 0.0750504 3.08497
      vertex -21.055 10 4.08497
      vertex -21.055 10 3.08497
    endloop
  endfacet
  facet normal -1 -0 0
    outer loop
      vertex -21.055 10 4.08497
      vertex -21.055 0.0750504 3.08497
      vertex -21.055 0.0750504 4.08497
    endloop
  endfacet
  facet normal 0.640185 -3.75896e-07 -0.768221
    outer loop
      vertex -11.8881 10 1.55745
      vertex -11.8256 9.72826 1.60953
      vertex -12.2704 10 1.23887
    endloop
  endfacet
  facet normal 0.640186 0 -0.76822
    outer loop
      vertex -11.8256 10 1.60953
      vertex -11.8256 9.72826 1.60953
      vertex -11.8881 10 1.55745
    endloop
  endfacet
  facet normal 0.640184 0 -0.768221
    outer loop
      vertex -11.8256 5.42185 1.60953
      vertex -10.055 10 3.08497
      vertex -10.055 0.0750504 3.08497
    endloop
  endfacet
  facet normal 0.640184 0 -0.768221
    outer loop
      vertex -11.8256 7.42185 1.60953
      vertex -10.055 10 3.08497
      vertex -11.8256 5.42185 1.60953
    endloop
  endfacet
  facet normal 0.640184 0 -0.768221
    outer loop
      vertex -11.8256 9.42185 1.60953
      vertex -10.055 10 3.08497
      vertex -11.8256 7.42185 1.60953
    endloop
  endfacet
  facet normal 0.640184 0 -0.768221
    outer loop
      vertex -11.8256 9.72826 1.60953
      vertex -10.055 10 3.08497
      vertex -11.8256 9.42185 1.60953
    endloop
  endfacet
  facet normal 0.640184 0 -0.768221
    outer loop
      vertex -10.055 10 3.08497
      vertex -11.8256 9.72826 1.60953
      vertex -11.8256 10 1.60953
    endloop
  endfacet
  facet normal 0.640184 -3.22263e-08 -0.768221
    outer loop
      vertex -13.037 4.64308 0.6
      vertex -11.8256 5.42185 1.60953
      vertex -10.055 0.0750504 3.08497
    endloop
  endfacet
  facet normal 0.640184 0 -0.768221
    outer loop
      vertex -11.8256 5.42185 1.60953
      vertex -13.037 4.64308 0.6
      vertex -13.037 4.68172 0.6
    endloop
  endfacet
  facet normal 0.640185 -2.13243e-07 -0.768221
    outer loop
      vertex -13.037 8.68172 0.6
      vertex -12.6172 10 0.949832
      vertex -12.1217 9.24093 1.36276
    endloop
  endfacet
  facet normal 0.640184 0 -0.768222
    outer loop
      vertex -12.6172 10 0.949832
      vertex -13.037 8.68172 0.6
      vertex -13.037 10 0.6
    endloop
  endfacet
  facet normal 0.640184 0 -0.768221
    outer loop
      vertex -13.037 4.64308 0.6
      vertex -10.055 0.0750504 3.08497
      vertex -13.037 0.0750504 0.6
    endloop
  endfacet
  facet normal 0.640184 0 -0.768221
    outer loop
      vertex -13.037 6.64308 0.6
      vertex -12.1217 5.24093 1.36276
      vertex -13.037 4.68172 0.6
    endloop
  endfacet
  facet normal 0.640184 0 -0.768221
    outer loop
      vertex -13.037 8.64308 0.6
      vertex -12.1217 7.24093 1.36276
      vertex -13.037 6.68172 0.6
    endloop
  endfacet
  facet normal -0.640185 0 -0.768221
    outer loop
      vertex -18.7494 7.09495 1.16365
      vertex -19.2845 9.42185 1.60953
      vertex -18.7494 9.09495 1.16365
    endloop
  endfacet
  facet normal -0.640185 0 -0.768221
    outer loop
      vertex -18.7494 5.09495 1.16365
      vertex -19.2845 7.42185 1.60953
      vertex -18.7494 7.09495 1.16365
    endloop
  endfacet
  facet normal -0.640185 0 -0.768221
    outer loop
      vertex -18.055 0.0750504 0.584975
      vertex -18.7494 5.09495 1.16365
      vertex -18.055 10 0.584975
    endloop
  endfacet
  facet normal -0.640185 -6.16159e-08 -0.768221
    outer loop
      vertex -18.7494 5.09495 1.16365
      vertex -18.055 0.0750504 0.584975
      vertex -19.2845 5.42185 1.60953
    endloop
  endfacet
  facet normal -0.640185 -0 -0.768221
    outer loop
      vertex -18.7494 7.09495 1.16365
      vertex -18.055 10 0.584975
      vertex -18.7494 5.09495 1.16365
    endloop
  endfacet
  facet normal -0.640185 -0 -0.768221
    outer loop
      vertex -18.7494 9.09495 1.16365
      vertex -18.055 10 0.584975
      vertex -18.7494 7.09495 1.16365
    endloop
  endfacet
  facet normal -0.640184 -2.06272e-07 -0.768221
    outer loop
      vertex -18.943 9.93687 1.32498
      vertex -18.055 10 0.584975
      vertex -18.7494 9.09495 1.16365
    endloop
  endfacet
  facet normal -0.640184 -8.55629e-06 -0.768222
    outer loop
      vertex -18.055 10 0.584975
      vertex -18.943 9.93687 1.32498
      vertex -18.9575 10 1.33707
    endloop
  endfacet
  facet normal -0.640184 9.83679e-08 -0.768221
    outer loop
      vertex -19.2845 5.42185 1.60953
      vertex -18.055 0.0750504 0.584975
      vertex -21.055 0.0750504 3.08497
    endloop
  endfacet
  facet normal -0.640184 0 -0.768221
    outer loop
      vertex -21.055 10 3.08497
      vertex -19.2845 7.42185 1.60953
      vertex -19.2845 5.42185 1.60953
    endloop
  endfacet
  facet normal -0.640184 0 -0.768221
    outer loop
      vertex -19.2845 7.42185 1.60953
      vertex -21.055 10 3.08497
      vertex -19.2845 9.42185 1.60953
    endloop
  endfacet
  facet normal -0.640184 0 -0.768221
    outer loop
      vertex -19.2845 9.42185 1.60953
      vertex -21.055 10 3.08497
      vertex -19.2845 9.72826 1.60953
    endloop
  endfacet
  facet normal -0.640184 -0 -0.768221
    outer loop
      vertex -21.055 10 3.08497
      vertex -19.2845 5.42185 1.60953
      vertex -21.055 0.0750504 3.08497
    endloop
  endfacet
  facet normal -0.640184 0 -0.768221
    outer loop
      vertex -19.2845 9.72826 1.60953
      vertex -21.055 10 3.08497
      vertex -19.2845 10 1.60953
    endloop
  endfacet
  facet normal -0.640183 -5.1718e-06 -0.768222
    outer loop
      vertex -19.2845 9.72826 1.60953
      vertex -19.0045 10 1.37624
      vertex -18.943 9.93687 1.32498
    endloop
  endfacet
  facet normal -0.640186 0 -0.76822
    outer loop
      vertex -19.0045 10 1.37624
      vertex -19.2845 9.72826 1.60953
      vertex -19.2845 10 1.60953
    endloop
  endfacet
  facet normal 0.425722 0.406108 -0.808602
    outer loop
      vertex -11.8256 5.42185 1.60953
      vertex -13.037 4.68172 0.6
      vertex -12.1217 5.24093 1.36276
    endloop
  endfacet
  facet normal 0.640184 -1.75453e-07 -0.768221
    outer loop
      vertex -13.037 6.64308 0.6
      vertex -11.8256 5.42185 1.60953
      vertex -12.1217 5.24093 1.36276
    endloop
  endfacet
  facet normal 0.640184 -4.57896e-08 -0.768221
    outer loop
      vertex -11.8256 5.42185 1.60953
      vertex -13.037 6.64308 0.6
      vertex -11.8256 7.42185 1.60953
    endloop
  endfacet
  facet normal 0.640184 0 -0.768221
    outer loop
      vertex -11.8256 7.42185 1.60953
      vertex -13.037 6.64308 0.6
      vertex -13.037 6.68172 0.6
    endloop
  endfacet
  facet normal -0.640185 0 -0.768221
    outer loop
      vertex -18.7494 5.09495 1.16365
      vertex -19.2845 5.42185 1.60953
      vertex -19.2845 7.42185 1.60953
    endloop
  endfacet
  facet normal 0.425722 0.406108 -0.808602
    outer loop
      vertex -11.8256 7.42185 1.60953
      vertex -13.037 6.68172 0.6
      vertex -12.1217 7.24093 1.36276
    endloop
  endfacet
  facet normal 0.640184 -1.75453e-07 -0.768221
    outer loop
      vertex -13.037 8.64308 0.6
      vertex -11.8256 7.42185 1.60953
      vertex -12.1217 7.24093 1.36276
    endloop
  endfacet
  facet normal 0.640184 -4.57896e-08 -0.768221
    outer loop
      vertex -11.8256 7.42185 1.60953
      vertex -13.037 8.64308 0.6
      vertex -11.8256 9.42185 1.60953
    endloop
  endfacet
  facet normal 0.640184 0 -0.768221
    outer loop
      vertex -11.8256 9.42185 1.60953
      vertex -13.037 8.64308 0.6
      vertex -13.037 8.68172 0.6
    endloop
  endfacet
  facet normal -0.640185 0 -0.768221
    outer loop
      vertex -18.7494 7.09495 1.16365
      vertex -19.2845 7.42185 1.60953
      vertex -19.2845 9.42185 1.60953
    endloop
  endfacet
  facet normal -0.714966 0.328204 0.617338
    outer loop
      vertex -12.1217 9.24093 1.36276
      vertex -11.8256 9.42185 1.60953
      vertex -13.037 8.68172 0.6
    endloop
  endfacet
  facet normal 0.640184 0 -0.768221
    outer loop
      vertex -12.1217 9.24093 1.36276
      vertex -11.8256 9.72826 1.60953
      vertex -11.8256 9.42185 1.60953
    endloop
  endfacet
  facet normal 0.640185 -3.80347e-07 -0.768221
    outer loop
      vertex -12.1217 9.24093 1.36276
      vertex -12.2704 10 1.23887
      vertex -11.8256 9.72826 1.60953
    endloop
  endfacet
  facet normal 0.640184 -4.85465e-07 -0.768221
    outer loop
      vertex -12.2704 10 1.23887
      vertex -12.1217 9.24093 1.36276
      vertex -12.6172 10 0.949832
    endloop
  endfacet
  facet normal -0.640185 -4.21001e-07 -0.768221
    outer loop
      vertex -19.2845 9.42185 1.60953
      vertex -18.943 9.93687 1.32498
      vertex -18.7494 9.09495 1.16365
    endloop
  endfacet
  facet normal -0.640185 0 -0.768221
    outer loop
      vertex -18.943 9.93687 1.32498
      vertex -19.2845 9.42185 1.60953
      vertex -19.2845 9.72826 1.60953
    endloop
  endfacet
  facet normal -0.640186 -9.30149e-06 -0.76822
    outer loop
      vertex -18.9575 10 1.33707
      vertex -18.943 9.93687 1.32498
      vertex -19.0045 10 1.37624
    endloop
  endfacet
  facet normal 0 1 -0
    outer loop
      vertex -13 10 5.72205e-07
      vertex -13.037 10 0.6
      vertex -13 10 0.6
    endloop
  endfacet
  facet normal 0 1 0
    outer loop
      vertex -13.037 10 0.6
      vertex -18 10 0.584975
      vertex -18 10 0.6
    endloop
  endfacet
  facet normal 0 1 0
    outer loop
      vertex -18 10 5.72205e-07
      vertex -13.037 10 0.6
      vertex -13 10 5.72205e-07
    endloop
  endfacet
  facet normal 0 1 0
    outer loop
      vertex -13.037 10 0.6
      vertex -18 10 5.72205e-07
      vertex -18 10 0.584975
    endloop
  endfacet
  facet normal 0 1 -0
    outer loop
      vertex -10.055 10 3.08497
      vertex -12.605 10 4.08497
      vertex -10.055 10 4.08497
    endloop
  endfacet
  facet normal 0 1 -0
    outer loop
      vertex -11.8881 10 1.55745
      vertex -12.605 10 4.08497
      vertex -11.8256 10 1.60953
    endloop
  endfacet
  facet normal 0 1 0
    outer loop
      vertex -12.605 10 4.08497
      vertex -10.055 10 3.08497
      vertex -11.8256 10 1.60953
    endloop
  endfacet
  facet normal 0 1 -0
    outer loop
      vertex -12.2704 10 1.23887
      vertex -12.605 10 4.08497
      vertex -11.8881 10 1.55745
    endloop
  endfacet
  facet normal -0 1 0
    outer loop
      vertex -21.055 10 3.08497
      vertex -18.505 10 4.08497
      vertex -19.2845 10 1.60953
    endloop
  endfacet
  facet normal 0 1 0
    outer loop
      vertex -18.505 10 4.08497
      vertex -21.055 10 3.08497
      vertex -21.055 10 4.08497
    endloop
  endfacet
  facet normal 0 1 0
    outer loop
      vertex -12.6172 10 0.949832
      vertex -12.605 10 4.08497
      vertex -12.2704 10 1.23887
    endloop
  endfacet
  facet normal 0 1 0
    outer loop
      vertex -18.505 10 4.08497
      vertex -19.0045 10 1.37624
      vertex -19.2845 10 1.60953
    endloop
  endfacet
  facet normal 0 1 0
    outer loop
      vertex -13.037 10 0.6
      vertex -12.605 10 4.08497
      vertex -12.6172 10 0.949832
    endloop
  endfacet
  facet normal 0 1 0
    outer loop
      vertex -18.505 10 4.08497
      vertex -18.9575 10 1.33707
      vertex -19.0045 10 1.37624
    endloop
  endfacet
  facet normal 0 1 -0
    outer loop
      vertex -12.605 10 4.08497
      vertex -18.505 10 5.58497
      vertex -12.605 10 5.58497
    endloop
  endfacet
  facet normal 0 1 0
    outer loop
      vertex -18.505 10 5.58497
      vertex -12.605 10 4.08497
      vertex -18.505 10 4.08497
    endloop
  endfacet
  facet normal 0 1 0
    outer loop
      vertex -18 10 0.6
      vertex -12.605 10 4.08497
      vertex -13.037 10 0.6
    endloop
  endfacet
  facet normal 0 1 0
    outer loop
      vertex -12.605 10 4.08497
      vertex -18 10 0.6
      vertex -18.505 10 4.08497
    endloop
  endfacet
  facet normal 0 1 0
    outer loop
      vertex -18.505 10 4.08497
      vertex -18 10 0.6
      vertex -18.9575 10 1.33707
    endloop
  endfacet
  facet normal 0 1 0
    outer loop
      vertex -18.055 10 0.584975
      vertex -18 10 0.6
      vertex -18 10 0.584975
    endloop
  endfacet
  facet normal 0 1 0
    outer loop
      vertex -18 10 0.6
      vertex -18.055 10 0.584975
      vertex -18.9575 10 1.33707
    endloop
  endfacet
  facet normal -1 0 0
    outer loop
      vertex -18.5 2 5.58497
      vertex -18.5 7.9 17.955
      vertex -18.5 7.9 5.58497
    endloop
  endfacet
  facet normal -1 -0 0
    outer loop
      vertex -18.5 7.9 17.955
      vertex -18.5 2 5.58497
      vertex -18.5 2 17.955
    endloop
  endfacet
  facet normal -0 0 1
    outer loop
      vertex -17.2507 7.9 20.1
      vertex -16 2 20.1
      vertex -16 7.9 20.1
    endloop
  endfacet
  facet normal 0 0 1
    outer loop
      vertex -16 2 20.1
      vertex -17.2507 7.9 20.1
      vertex -17.2507 2 20.1
    endloop
  endfacet
  facet normal -0 0 1
    outer loop
      vertex -15 7.9 20.1
      vertex -13.7493 2 20.1
      vertex -13.7493 7.9 20.1
    endloop
  endfacet
  facet normal 0 0 1
    outer loop
      vertex -13.7493 2 20.1
      vertex -15 7.9 20.1
      vertex -15 2 20.1
    endloop
  endfacet
  facet normal 1 -0 0
    outer loop
      vertex -12.6 2 17.9161
      vertex -12.6 7.9 5.1
      vertex -12.6 7.9 17.9161
    endloop
  endfacet
  facet normal 1 0 0
    outer loop
      vertex -12.6 7.9 5.1
      vertex -12.6 2 17.9161
      vertex -12.6 2 5.1
    endloop
  endfacet
  facet normal 0 1 0
    outer loop
      vertex -12.9215 7.9 17.8525
      vertex -15 7.9 8.46552
      vertex -13 7.9 17.85
    endloop
  endfacet
  facet normal 0 1 0
    outer loop
      vertex -12.8433 7.9 17.8599
      vertex -15 7.9 8.46552
      vertex -12.9215 7.9 17.8525
    endloop
  endfacet
  facet normal 0 1 0
    outer loop
      vertex -14.9642 7.9 8.44433
      vertex -12.8433 7.9 17.8599
      vertex -12.7658 7.9 17.8721
    endloop
  endfacet
  facet normal 0 1 0
    outer loop
      vertex -14.9122 7.9 8.40902
      vertex -12.7658 7.9 17.8721
      vertex -12.6891 7.9 17.8893
    endloop
  endfacet
  facet normal 0 1 0
    outer loop
      vertex -14.8155 7.9 8.32897
      vertex -12.6891 7.9 17.8893
      vertex -12.6137 7.9 17.9112
    endloop
  endfacet
  facet normal 0 1 0
    outer loop
      vertex -14.8155 7.9 8.32897
      vertex -12.6137 7.9 17.9112
      vertex -12.6 7.9 17.9161
    endloop
  endfacet
  facet normal 0 1 0
    outer loop
      vertex -12.8433 7.9 17.8599
      vertex -14.9642 7.9 8.44433
      vertex -15 7.9 8.46552
    endloop
  endfacet
  facet normal 0 1 0
    outer loop
      vertex -12.7658 7.9 17.8721
      vertex -14.9122 7.9 8.40902
      vertex -14.9642 7.9 8.44433
    endloop
  endfacet
  facet normal 0 1 0
    outer loop
      vertex -12.6891 7.9 17.8893
      vertex -14.8626 7.9 8.37051
      vertex -14.9122 7.9 8.40902
    endloop
  endfacet
  facet normal 0 1 0
    outer loop
      vertex -12.6891 7.9 17.8893
      vertex -14.8155 7.9 8.32897
      vertex -14.8626 7.9 8.37051
    endloop
  endfacet
  facet normal 0 1 0
    outer loop
      vertex -12.6 7.9 17.9161
      vertex -14.771 7.9 8.28455
      vertex -14.8155 7.9 8.32897
    endloop
  endfacet
  facet normal 0 1 0
    outer loop
      vertex -12.6 7.9 17.9161
      vertex -14.7295 7.9 8.23742
      vertex -14.771 7.9 8.28455
    endloop
  endfacet
  facet normal 0 1 0
    outer loop
      vertex -12.6 7.9 17.9161
      vertex -14.691 7.9 8.18779
      vertex -14.7295 7.9 8.23742
    endloop
  endfacet
  facet normal 0 1 0
    outer loop
      vertex -12.6 7.9 17.9161
      vertex -14.6557 7.9 8.13583
      vertex -14.691 7.9 8.18779
    endloop
  endfacet
  facet normal 0 1 0
    outer loop
      vertex -12.6 7.9 17.9161
      vertex -14.6237 7.9 8.08175
      vertex -14.6557 7.9 8.13583
    endloop
  endfacet
  facet normal 0 1 -0
    outer loop
      vertex -12.605 7.9 5.58497
      vertex -14.6237 7.9 8.08175
      vertex -12.6 7.9 17.9161
    endloop
  endfacet
  facet normal 0 1 0
    outer loop
      vertex -14.6237 7.9 8.08175
      vertex -12.605 7.9 5.58497
      vertex -14.5952 7.9 8.02578
    endloop
  endfacet
  facet normal 0 1 0
    outer loop
      vertex -14.5952 7.9 8.02578
      vertex -12.605 7.9 5.58497
      vertex -14.5702 7.9 7.96812
    endloop
  endfacet
  facet normal 0 1 0
    outer loop
      vertex -14.5702 7.9 7.96812
      vertex -12.605 7.9 5.58497
      vertex -14.5489 7.9 7.90902
    endloop
  endfacet
  facet normal 0 1 0
    outer loop
      vertex -14.5489 7.9 7.90902
      vertex -12.605 7.9 5.58497
      vertex -14.5314 7.9 7.84869
    endloop
  endfacet
  facet normal 0 1 0
    outer loop
      vertex -14.5314 7.9 7.84869
      vertex -12.605 7.9 5.58497
      vertex -14.5177 7.9 7.78738
    endloop
  endfacet
  facet normal 0 1 0
    outer loop
      vertex -14.5177 7.9 7.78738
      vertex -12.605 7.9 5.58497
      vertex -14.5079 7.9 7.72533
    endloop
  endfacet
  facet normal 0 1 0
    outer loop
      vertex -14.5079 7.9 7.72533
      vertex -12.605 7.9 5.58497
      vertex -14.502 7.9 7.66279
    endloop
  endfacet
  facet normal 0 1 0
    outer loop
      vertex -14.502 7.9 7.66279
      vertex -12.605 7.9 5.58497
      vertex -14.5 7.9 7.6
    endloop
  endfacet
  facet normal 0 1 0
    outer loop
      vertex -14.5 7.9 7.6
      vertex -12.605 7.9 5.58497
      vertex -14.502 7.9 7.53721
    endloop
  endfacet
  facet normal 0 1 0
    outer loop
      vertex -14.502 7.9 7.53721
      vertex -12.605 7.9 5.58497
      vertex -14.5079 7.9 7.47467
    endloop
  endfacet
  facet normal 0 1 0
    outer loop
      vertex -15.4372 7.9 6.60197
      vertex -12.605 7.9 5.58497
      vertex -15.5 7.9 6.6
    endloop
  endfacet
  facet normal 0 1 0
    outer loop
      vertex -15.3747 7.9 6.60788
      vertex -12.605 7.9 5.58497
      vertex -15.4372 7.9 6.60197
    endloop
  endfacet
  facet normal 0 1 0
    outer loop
      vertex -15.3126 7.9 6.61771
      vertex -12.605 7.9 5.58497
      vertex -15.3747 7.9 6.60788
    endloop
  endfacet
  facet normal 0 1 0
    outer loop
      vertex -15.2513 7.9 6.63142
      vertex -12.605 7.9 5.58497
      vertex -15.3126 7.9 6.61771
    endloop
  endfacet
  facet normal 0 1 0
    outer loop
      vertex -15.191 7.9 6.64894
      vertex -12.605 7.9 5.58497
      vertex -15.2513 7.9 6.63142
    endloop
  endfacet
  facet normal 0 1 0
    outer loop
      vertex -15.1319 7.9 6.67022
      vertex -12.605 7.9 5.58497
      vertex -15.191 7.9 6.64894
    endloop
  endfacet
  facet normal 0 1 0
    outer loop
      vertex -15.0742 7.9 6.69517
      vertex -12.605 7.9 5.58497
      vertex -15.1319 7.9 6.67022
    endloop
  endfacet
  facet normal 0 1 0
    outer loop
      vertex -15.0182 7.9 6.72369
      vertex -12.605 7.9 5.58497
      vertex -15.0742 7.9 6.69517
    endloop
  endfacet
  facet normal 0 1 0
    outer loop
      vertex -14.9642 7.9 6.75567
      vertex -12.605 7.9 5.58497
      vertex -15.0182 7.9 6.72369
    endloop
  endfacet
  facet normal 0 1 0
    outer loop
      vertex -14.9122 7.9 6.79098
      vertex -12.605 7.9 5.58497
      vertex -14.9642 7.9 6.75567
    endloop
  endfacet
  facet normal 0 1 0
    outer loop
      vertex -14.8626 7.9 6.82949
      vertex -12.605 7.9 5.58497
      vertex -14.9122 7.9 6.79098
    endloop
  endfacet
  facet normal 0 1 0
    outer loop
      vertex -14.8155 7.9 6.87103
      vertex -12.605 7.9 5.58497
      vertex -14.8626 7.9 6.82949
    endloop
  endfacet
  facet normal 0 1 0
    outer loop
      vertex -14.771 7.9 6.91545
      vertex -12.605 7.9 5.58497
      vertex -14.8155 7.9 6.87103
    endloop
  endfacet
  facet normal 0 1 0
    outer loop
      vertex -14.7295 7.9 6.96258
      vertex -12.605 7.9 5.58497
      vertex -14.771 7.9 6.91545
    endloop
  endfacet
  facet normal 0 1 0
    outer loop
      vertex -14.691 7.9 7.01221
      vertex -12.605 7.9 5.58497
      vertex -14.7295 7.9 6.96258
    endloop
  endfacet
  facet normal 0 1 0
    outer loop
      vertex -14.6557 7.9 7.06417
      vertex -12.605 7.9 5.58497
      vertex -14.691 7.9 7.01221
    endloop
  endfacet
  facet normal 0 1 0
    outer loop
      vertex -14.6237 7.9 7.11825
      vertex -12.605 7.9 5.58497
      vertex -14.6557 7.9 7.06417
    endloop
  endfacet
  facet normal 0 1 0
    outer loop
      vertex -14.5952 7.9 7.17422
      vertex -12.605 7.9 5.58497
      vertex -14.6237 7.9 7.11825
    endloop
  endfacet
  facet normal 0 1 0
    outer loop
      vertex -14.5702 7.9 7.23187
      vertex -12.605 7.9 5.58497
      vertex -14.5952 7.9 7.17422
    endloop
  endfacet
  facet normal 0 1 0
    outer loop
      vertex -14.5489 7.9 7.29098
      vertex -12.605 7.9 5.58497
      vertex -14.5702 7.9 7.23187
    endloop
  endfacet
  facet normal 0 1 0
    outer loop
      vertex -14.5314 7.9 7.35131
      vertex -12.605 7.9 5.58497
      vertex -14.5489 7.9 7.29098
    endloop
  endfacet
  facet normal 0 1 0
    outer loop
      vertex -14.5177 7.9 7.41262
      vertex -12.605 7.9 5.58497
      vertex -14.5314 7.9 7.35131
    endloop
  endfacet
  facet normal 0 1 0
    outer loop
      vertex -14.5079 7.9 7.47467
      vertex -12.605 7.9 5.58497
      vertex -14.5177 7.9 7.41262
    endloop
  endfacet
  facet normal 0 1 -0
    outer loop
      vertex -12.6 7.9 5.1
      vertex -12.605 7.9 5.58497
      vertex -12.6 7.9 17.9161
    endloop
  endfacet
  facet normal 0 1 0
    outer loop
      vertex -12.605 7.9 5.58497
      vertex -12.6 7.9 5.1
      vertex -12.605 7.9 5.1
    endloop
  endfacet
  facet normal 0 1 -0
    outer loop
      vertex -13.7968 7.9 20.0631
      vertex -15 7.9 20.1
      vertex -13.7493 7.9 20.1
    endloop
  endfacet
  facet normal 0 1 -0
    outer loop
      vertex -13.8557 7.9 20.0112
      vertex -15 7.9 20.1
      vertex -13.7968 7.9 20.0631
    endloop
  endfacet
  facet normal 0 1 -0
    outer loop
      vertex -13.9112 7.9 19.9557
      vertex -15 7.9 20.1
      vertex -13.8557 7.9 20.0112
    endloop
  endfacet
  facet normal 0 1 -0
    outer loop
      vertex -13.9631 7.9 19.8968
      vertex -15 7.9 20.1
      vertex -13.9112 7.9 19.9557
    endloop
  endfacet
  facet normal 0 1 -0
    outer loop
      vertex -14.0113 7.9 19.8347
      vertex -15 7.9 20.1
      vertex -13.9631 7.9 19.8968
    endloop
  endfacet
  facet normal 0 1 -0
    outer loop
      vertex -14.0554 7.9 19.7698
      vertex -15 7.9 20.1
      vertex -14.0113 7.9 19.8347
    endloop
  endfacet
  facet normal 0 1 -0
    outer loop
      vertex -14.0954 7.9 19.7022
      vertex -15 7.9 20.1
      vertex -14.0554 7.9 19.7698
    endloop
  endfacet
  facet normal 0 1 -0
    outer loop
      vertex -14.131 7.9 19.6322
      vertex -15 7.9 20.1
      vertex -14.0954 7.9 19.7022
    endloop
  endfacet
  facet normal 0 1 -0
    outer loop
      vertex -14.1622 7.9 19.5602
      vertex -15 7.9 20.1
      vertex -14.131 7.9 19.6322
    endloop
  endfacet
  facet normal 0 1 -0
    outer loop
      vertex -14.1888 7.9 19.4863
      vertex -15 7.9 20.1
      vertex -14.1622 7.9 19.5602
    endloop
  endfacet
  facet normal 0 1 -0
    outer loop
      vertex -14.2107 7.9 19.4109
      vertex -15 7.9 20.1
      vertex -14.1888 7.9 19.4863
    endloop
  endfacet
  facet normal 0 1 -0
    outer loop
      vertex -14.2279 7.9 19.3342
      vertex -15 7.9 20.1
      vertex -14.2107 7.9 19.4109
    endloop
  endfacet
  facet normal 0 1 -0
    outer loop
      vertex -14.2401 7.9 19.2567
      vertex -15 7.9 20.1
      vertex -14.2279 7.9 19.3342
    endloop
  endfacet
  facet normal 0 1 -0
    outer loop
      vertex -14.2475 7.9 19.1785
      vertex -15 7.9 20.1
      vertex -14.2401 7.9 19.2567
    endloop
  endfacet
  facet normal 0 1 -0
    outer loop
      vertex -14.25 7.9 19.1
      vertex -15 7.9 20.1
      vertex -14.2475 7.9 19.1785
    endloop
  endfacet
  facet normal 0 1 0
    outer loop
      vertex -14.2475 7.9 19.0215
      vertex -15 7.9 20.1
      vertex -14.25 7.9 19.1
    endloop
  endfacet
  facet normal 0 1 0
    outer loop
      vertex -14.2401 7.9 18.9433
      vertex -15 7.9 20.1
      vertex -14.2475 7.9 19.0215
    endloop
  endfacet
  facet normal 0 1 0
    outer loop
      vertex -14.2279 7.9 18.8658
      vertex -15 7.9 20.1
      vertex -14.2401 7.9 18.9433
    endloop
  endfacet
  facet normal 0 1 0
    outer loop
      vertex -14.2107 7.9 18.7891
      vertex -15 7.9 20.1
      vertex -14.2279 7.9 18.8658
    endloop
  endfacet
  facet normal 0 1 0
    outer loop
      vertex -14.1888 7.9 18.7137
      vertex -15 7.9 20.1
      vertex -14.2107 7.9 18.7891
    endloop
  endfacet
  facet normal 0 1 0
    outer loop
      vertex -14.1622 7.9 18.6398
      vertex -15 7.9 20.1
      vertex -14.1888 7.9 18.7137
    endloop
  endfacet
  facet normal 0 1 0
    outer loop
      vertex -14.131 7.9 18.5678
      vertex -15 7.9 20.1
      vertex -14.1622 7.9 18.6398
    endloop
  endfacet
  facet normal 0 1 0
    outer loop
      vertex -15 7.9 8.46552
      vertex -14.131 7.9 18.5678
      vertex -14.0954 7.9 18.4978
    endloop
  endfacet
  facet normal 0 1 0
    outer loop
      vertex -14.131 7.9 18.5678
      vertex -15 7.9 8.46552
      vertex -15 7.9 20.1
    endloop
  endfacet
  facet normal 0 1 0
    outer loop
      vertex -14.0554 7.9 18.4302
      vertex -15 7.9 8.46552
      vertex -14.0954 7.9 18.4978
    endloop
  endfacet
  facet normal 0 1 0
    outer loop
      vertex -14.0113 7.9 18.3653
      vertex -15 7.9 8.46552
      vertex -14.0554 7.9 18.4302
    endloop
  endfacet
  facet normal 0 1 0
    outer loop
      vertex -13.9631 7.9 18.3032
      vertex -15 7.9 8.46552
      vertex -14.0113 7.9 18.3653
    endloop
  endfacet
  facet normal 0 1 0
    outer loop
      vertex -13.9112 7.9 18.2443
      vertex -15 7.9 8.46552
      vertex -13.9631 7.9 18.3032
    endloop
  endfacet
  facet normal 0 1 0
    outer loop
      vertex -13.8557 7.9 18.1888
      vertex -15 7.9 8.46552
      vertex -13.9112 7.9 18.2443
    endloop
  endfacet
  facet normal 0 1 0
    outer loop
      vertex -13.7968 7.9 18.1369
      vertex -15 7.9 8.46552
      vertex -13.8557 7.9 18.1888
    endloop
  endfacet
  facet normal 0 1 0
    outer loop
      vertex -13.7347 7.9 18.0887
      vertex -15 7.9 8.46552
      vertex -13.7968 7.9 18.1369
    endloop
  endfacet
  facet normal 0 1 0
    outer loop
      vertex -13.6698 7.9 18.0446
      vertex -15 7.9 8.46552
      vertex -13.7347 7.9 18.0887
    endloop
  endfacet
  facet normal 0 1 0
    outer loop
      vertex -13.6022 7.9 18.0046
      vertex -15 7.9 8.46552
      vertex -13.6698 7.9 18.0446
    endloop
  endfacet
  facet normal 0 1 0
    outer loop
      vertex -13.5322 7.9 17.969
      vertex -15 7.9 8.46552
      vertex -13.6022 7.9 18.0046
    endloop
  endfacet
  facet normal 0 1 0
    outer loop
      vertex -13.4602 7.9 17.9378
      vertex -15 7.9 8.46552
      vertex -13.5322 7.9 17.969
    endloop
  endfacet
  facet normal 0 1 0
    outer loop
      vertex -13.3863 7.9 17.9112
      vertex -15 7.9 8.46552
      vertex -13.4602 7.9 17.9378
    endloop
  endfacet
  facet normal 0 1 0
    outer loop
      vertex -13.3109 7.9 17.8893
      vertex -15 7.9 8.46552
      vertex -13.3863 7.9 17.9112
    endloop
  endfacet
  facet normal 0 1 0
    outer loop
      vertex -13.2342 7.9 17.8721
      vertex -15 7.9 8.46552
      vertex -13.3109 7.9 17.8893
    endloop
  endfacet
  facet normal 0 1 0
    outer loop
      vertex -13.1567 7.9 17.8599
      vertex -15 7.9 8.46552
      vertex -13.2342 7.9 17.8721
    endloop
  endfacet
  facet normal 0 1 0
    outer loop
      vertex -13.0785 7.9 17.8525
      vertex -15 7.9 8.46552
      vertex -13.1567 7.9 17.8599
    endloop
  endfacet
  facet normal 0 1 0
    outer loop
      vertex -15 7.9 8.46552
      vertex -13.0785 7.9 17.8525
      vertex -13 7.9 17.85
    endloop
  endfacet
  facet normal 0 1 0
    outer loop
      vertex -16 7.9 20.1
      vertex -17.2032 7.9 20.0631
      vertex -17.2507 7.9 20.1
    endloop
  endfacet
  facet normal 0 1 0
    outer loop
      vertex -16 7.9 20.1
      vertex -17.1443 7.9 20.0112
      vertex -17.2032 7.9 20.0631
    endloop
  endfacet
  facet normal 0 1 0
    outer loop
      vertex -16 7.9 20.1
      vertex -17.0888 7.9 19.9557
      vertex -17.1443 7.9 20.0112
    endloop
  endfacet
  facet normal 0 1 0
    outer loop
      vertex -16 7.9 20.1
      vertex -17.0369 7.9 19.8968
      vertex -17.0888 7.9 19.9557
    endloop
  endfacet
  facet normal 0 1 0
    outer loop
      vertex -16 7.9 20.1
      vertex -16.9887 7.9 19.8347
      vertex -17.0369 7.9 19.8968
    endloop
  endfacet
  facet normal 0 1 0
    outer loop
      vertex -16 7.9 20.1
      vertex -16.9446 7.9 19.7698
      vertex -16.9887 7.9 19.8347
    endloop
  endfacet
  facet normal 0 1 0
    outer loop
      vertex -16 7.9 20.1
      vertex -16.9046 7.9 19.7022
      vertex -16.9446 7.9 19.7698
    endloop
  endfacet
  facet normal 0 1 0
    outer loop
      vertex -16 7.9 20.1
      vertex -16.869 7.9 19.6322
      vertex -16.9046 7.9 19.7022
    endloop
  endfacet
  facet normal 0 1 0
    outer loop
      vertex -16 7.9 20.1
      vertex -16.8378 7.9 19.5602
      vertex -16.869 7.9 19.6322
    endloop
  endfacet
  facet normal 0 1 0
    outer loop
      vertex -16 7.9 20.1
      vertex -16.8112 7.9 19.4863
      vertex -16.8378 7.9 19.5602
    endloop
  endfacet
  facet normal 0 1 0
    outer loop
      vertex -16 7.9 20.1
      vertex -16.7893 7.9 19.4109
      vertex -16.8112 7.9 19.4863
    endloop
  endfacet
  facet normal 0 1 0
    outer loop
      vertex -16 7.9 20.1
      vertex -16.7721 7.9 19.3342
      vertex -16.7893 7.9 19.4109
    endloop
  endfacet
  facet normal 0 1 0
    outer loop
      vertex -16 7.9 20.1
      vertex -16.7599 7.9 19.2567
      vertex -16.7721 7.9 19.3342
    endloop
  endfacet
  facet normal 0 1 0
    outer loop
      vertex -16 7.9 20.1
      vertex -16.7525 7.9 19.1785
      vertex -16.7599 7.9 19.2567
    endloop
  endfacet
  facet normal 0 1 0
    outer loop
      vertex -16 7.9 20.1
      vertex -16.75 7.9 19.1
      vertex -16.7525 7.9 19.1785
    endloop
  endfacet
  facet normal 0 1 0
    outer loop
      vertex -16 7.9 20.1
      vertex -16.7525 7.9 19.0215
      vertex -16.75 7.9 19.1
    endloop
  endfacet
  facet normal 0 1 0
    outer loop
      vertex -16 7.9 20.1
      vertex -16.7599 7.9 18.9433
      vertex -16.7525 7.9 19.0215
    endloop
  endfacet
  facet normal 0 1 0
    outer loop
      vertex -16 7.9 20.1
      vertex -16.7721 7.9 18.8658
      vertex -16.7599 7.9 18.9433
    endloop
  endfacet
  facet normal 0 1 0
    outer loop
      vertex -16 7.9 20.1
      vertex -16.7893 7.9 18.7891
      vertex -16.7721 7.9 18.8658
    endloop
  endfacet
  facet normal 0 1 0
    outer loop
      vertex -16 7.9 20.1
      vertex -16.8112 7.9 18.7137
      vertex -16.7893 7.9 18.7891
    endloop
  endfacet
  facet normal 0 1 0
    outer loop
      vertex -16 7.9 20.1
      vertex -16.8378 7.9 18.6398
      vertex -16.8112 7.9 18.7137
    endloop
  endfacet
  facet normal 0 1 0
    outer loop
      vertex -16 7.9 20.1
      vertex -16.869 7.9 18.5678
      vertex -16.8378 7.9 18.6398
    endloop
  endfacet
  facet normal 0 1 -0
    outer loop
      vertex -16 7.9 8.46552
      vertex -16.869 7.9 18.5678
      vertex -16 7.9 20.1
    endloop
  endfacet
  facet normal 0 1 0
    outer loop
      vertex -17.9215 7.9 17.8525
      vertex -16 7.9 8.46552
      vertex -18 7.9 17.85
    endloop
  endfacet
  facet normal 0 1 0
    outer loop
      vertex -17.8433 7.9 17.8599
      vertex -16 7.9 8.46552
      vertex -17.9215 7.9 17.8525
    endloop
  endfacet
  facet normal 0 1 0
    outer loop
      vertex -17.7658 7.9 17.8721
      vertex -16 7.9 8.46552
      vertex -17.8433 7.9 17.8599
    endloop
  endfacet
  facet normal 0 1 0
    outer loop
      vertex -17.6891 7.9 17.8893
      vertex -16 7.9 8.46552
      vertex -17.7658 7.9 17.8721
    endloop
  endfacet
  facet normal 0 1 0
    outer loop
      vertex -17.6137 7.9 17.9112
      vertex -16 7.9 8.46552
      vertex -17.6891 7.9 17.8893
    endloop
  endfacet
  facet normal 0 1 0
    outer loop
      vertex -17.5398 7.9 17.9378
      vertex -16 7.9 8.46552
      vertex -17.6137 7.9 17.9112
    endloop
  endfacet
  facet normal 0 1 0
    outer loop
      vertex -17.4678 7.9 17.969
      vertex -16 7.9 8.46552
      vertex -17.5398 7.9 17.9378
    endloop
  endfacet
  facet normal 0 1 0
    outer loop
      vertex -17.3978 7.9 18.0046
      vertex -16 7.9 8.46552
      vertex -17.4678 7.9 17.969
    endloop
  endfacet
  facet normal 0 1 0
    outer loop
      vertex -17.3302 7.9 18.0446
      vertex -16 7.9 8.46552
      vertex -17.3978 7.9 18.0046
    endloop
  endfacet
  facet normal 0 1 0
    outer loop
      vertex -17.2653 7.9 18.0887
      vertex -16 7.9 8.46552
      vertex -17.3302 7.9 18.0446
    endloop
  endfacet
  facet normal 0 1 0
    outer loop
      vertex -17.2032 7.9 18.1369
      vertex -16 7.9 8.46552
      vertex -17.2653 7.9 18.0887
    endloop
  endfacet
  facet normal 0 1 0
    outer loop
      vertex -17.1443 7.9 18.1888
      vertex -16 7.9 8.46552
      vertex -17.2032 7.9 18.1369
    endloop
  endfacet
  facet normal 0 1 0
    outer loop
      vertex -17.0888 7.9 18.2443
      vertex -16 7.9 8.46552
      vertex -17.1443 7.9 18.1888
    endloop
  endfacet
  facet normal 0 1 0
    outer loop
      vertex -17.0369 7.9 18.3032
      vertex -16 7.9 8.46552
      vertex -17.0888 7.9 18.2443
    endloop
  endfacet
  facet normal 0 1 0
    outer loop
      vertex -16.9887 7.9 18.3653
      vertex -16 7.9 8.46552
      vertex -17.0369 7.9 18.3032
    endloop
  endfacet
  facet normal 0 1 0
    outer loop
      vertex -16.9446 7.9 18.4302
      vertex -16 7.9 8.46552
      vertex -16.9887 7.9 18.3653
    endloop
  endfacet
  facet normal 0 1 0
    outer loop
      vertex -16.9046 7.9 18.4978
      vertex -16 7.9 8.46552
      vertex -16.9446 7.9 18.4302
    endloop
  endfacet
  facet normal 0 1 0
    outer loop
      vertex -16.869 7.9 18.5678
      vertex -16 7.9 8.46552
      vertex -16.9046 7.9 18.4978
    endloop
  endfacet
  facet normal 0 1 0
    outer loop
      vertex -16 7.9 8.46552
      vertex -18.0785 7.9 17.8525
      vertex -18 7.9 17.85
    endloop
  endfacet
  facet normal 0 1 0
    outer loop
      vertex -16 7.9 8.46552
      vertex -18.1567 7.9 17.8599
      vertex -18.0785 7.9 17.8525
    endloop
  endfacet
  facet normal 0 1 -0
    outer loop
      vertex -16.0358 7.9 8.44433
      vertex -18.1567 7.9 17.8599
      vertex -16 7.9 8.46552
    endloop
  endfacet
  facet normal 0 1 0
    outer loop
      vertex -18.1567 7.9 17.8599
      vertex -16.0358 7.9 8.44433
      vertex -18.2342 7.9 17.8721
    endloop
  endfacet
  facet normal 0 1 -0
    outer loop
      vertex -16.0878 7.9 8.40902
      vertex -18.2342 7.9 17.8721
      vertex -16.0358 7.9 8.44433
    endloop
  endfacet
  facet normal 0 1 0
    outer loop
      vertex -18.2342 7.9 17.8721
      vertex -16.0878 7.9 8.40902
      vertex -18.3109 7.9 17.8893
    endloop
  endfacet
  facet normal 0 1 -0
    outer loop
      vertex -16.1374 7.9 8.37051
      vertex -18.3109 7.9 17.8893
      vertex -16.0878 7.9 8.40902
    endloop
  endfacet
  facet normal 0 1 -0
    outer loop
      vertex -16.1845 7.9 8.32897
      vertex -18.3109 7.9 17.8893
      vertex -16.1374 7.9 8.37051
    endloop
  endfacet
  facet normal 0 1 0
    outer loop
      vertex -18.3109 7.9 17.8893
      vertex -16.1845 7.9 8.32897
      vertex -18.3863 7.9 17.9112
    endloop
  endfacet
  facet normal 0 1 -0
    outer loop
      vertex -16.229 7.9 8.28455
      vertex -18.3863 7.9 17.9112
      vertex -16.1845 7.9 8.32897
    endloop
  endfacet
  facet normal 0 1 0
    outer loop
      vertex -18.3863 7.9 17.9112
      vertex -16.229 7.9 8.28455
      vertex -18.4602 7.9 17.9378
    endloop
  endfacet
  facet normal 0 1 -0
    outer loop
      vertex -16.2705 7.9 8.23742
      vertex -18.4602 7.9 17.9378
      vertex -16.229 7.9 8.28455
    endloop
  endfacet
  facet normal 0 1 0
    outer loop
      vertex -18.4602 7.9 17.9378
      vertex -16.2705 7.9 8.23742
      vertex -18.5 7.9 17.955
    endloop
  endfacet
  facet normal 0 1 -0
    outer loop
      vertex -16.309 7.9 8.18779
      vertex -18.5 7.9 17.955
      vertex -16.2705 7.9 8.23742
    endloop
  endfacet
  facet normal 0 1 -0
    outer loop
      vertex -16.3443 7.9 8.13583
      vertex -18.5 7.9 17.955
      vertex -16.309 7.9 8.18779
    endloop
  endfacet
  facet normal 0 1 -0
    outer loop
      vertex -16.3763 7.9 8.08175
      vertex -18.5 7.9 17.955
      vertex -16.3443 7.9 8.13583
    endloop
  endfacet
  facet normal 0 1 0
    outer loop
      vertex -18.5 7.9 5.58497
      vertex -16.3763 7.9 8.08175
      vertex -16.4048 7.9 8.02578
    endloop
  endfacet
  facet normal 0 1 0
    outer loop
      vertex -18.5 7.9 5.58497
      vertex -16.4048 7.9 8.02578
      vertex -16.4298 7.9 7.96812
    endloop
  endfacet
  facet normal 0 1 0
    outer loop
      vertex -18.5 7.9 5.58497
      vertex -16.4298 7.9 7.96812
      vertex -16.4511 7.9 7.90902
    endloop
  endfacet
  facet normal 0 1 0
    outer loop
      vertex -18.5 7.9 5.58497
      vertex -16.4511 7.9 7.90902
      vertex -16.4686 7.9 7.84869
    endloop
  endfacet
  facet normal 0 1 0
    outer loop
      vertex -18.5 7.9 5.58497
      vertex -16.4686 7.9 7.84869
      vertex -16.4823 7.9 7.78738
    endloop
  endfacet
  facet normal 0 1 0
    outer loop
      vertex -18.5 7.9 5.58497
      vertex -16.4823 7.9 7.78738
      vertex -16.4921 7.9 7.72533
    endloop
  endfacet
  facet normal 0 1 0
    outer loop
      vertex -18.5 7.9 5.58497
      vertex -16.4921 7.9 7.72533
      vertex -16.498 7.9 7.66279
    endloop
  endfacet
  facet normal 0 1 0
    outer loop
      vertex -18.5 7.9 5.58497
      vertex -16.498 7.9 7.66279
      vertex -16.5 7.9 7.6
    endloop
  endfacet
  facet normal 0 1 0
    outer loop
      vertex -18.5 7.9 5.58497
      vertex -16.5 7.9 7.6
      vertex -16.498 7.9 7.53721
    endloop
  endfacet
  facet normal 0 1 0
    outer loop
      vertex -18.5 7.9 5.58497
      vertex -16.498 7.9 7.53721
      vertex -16.4921 7.9 7.47467
    endloop
  endfacet
  facet normal 0 1 0
    outer loop
      vertex -18.5 7.9 5.58497
      vertex -16.4921 7.9 7.47467
      vertex -16.4823 7.9 7.41262
    endloop
  endfacet
  facet normal 0 1 0
    outer loop
      vertex -18.5 7.9 5.58497
      vertex -15.5 7.9 6.6
      vertex -12.605 7.9 5.58497
    endloop
  endfacet
  facet normal 0 1 0
    outer loop
      vertex -15.5 7.9 6.6
      vertex -18.5 7.9 5.58497
      vertex -15.5628 7.9 6.60197
    endloop
  endfacet
  facet normal 0 1 0
    outer loop
      vertex -15.5628 7.9 6.60197
      vertex -18.5 7.9 5.58497
      vertex -15.6253 7.9 6.60788
    endloop
  endfacet
  facet normal 0 1 0
    outer loop
      vertex -15.6253 7.9 6.60788
      vertex -18.5 7.9 5.58497
      vertex -15.6874 7.9 6.61771
    endloop
  endfacet
  facet normal 0 1 0
    outer loop
      vertex -15.6874 7.9 6.61771
      vertex -18.5 7.9 5.58497
      vertex -15.7487 7.9 6.63142
    endloop
  endfacet
  facet normal 0 1 0
    outer loop
      vertex -16.3763 7.9 8.08175
      vertex -18.5 7.9 5.58497
      vertex -18.5 7.9 17.955
    endloop
  endfacet
  facet normal 0 1 0
    outer loop
      vertex -16.4686 7.9 7.35131
      vertex -18.5 7.9 5.58497
      vertex -16.4823 7.9 7.41262
    endloop
  endfacet
  facet normal 0 1 0
    outer loop
      vertex -16.4511 7.9 7.29098
      vertex -18.5 7.9 5.58497
      vertex -16.4686 7.9 7.35131
    endloop
  endfacet
  facet normal 0 1 0
    outer loop
      vertex -16.4298 7.9 7.23187
      vertex -18.5 7.9 5.58497
      vertex -16.4511 7.9 7.29098
    endloop
  endfacet
  facet normal 0 1 0
    outer loop
      vertex -16.4048 7.9 7.17422
      vertex -18.5 7.9 5.58497
      vertex -16.4298 7.9 7.23187
    endloop
  endfacet
  facet normal 0 1 0
    outer loop
      vertex -16.3763 7.9 7.11825
      vertex -18.5 7.9 5.58497
      vertex -16.4048 7.9 7.17422
    endloop
  endfacet
  facet normal 0 1 0
    outer loop
      vertex -16.3443 7.9 7.06417
      vertex -18.5 7.9 5.58497
      vertex -16.3763 7.9 7.11825
    endloop
  endfacet
  facet normal 0 1 0
    outer loop
      vertex -16.309 7.9 7.01221
      vertex -18.5 7.9 5.58497
      vertex -16.3443 7.9 7.06417
    endloop
  endfacet
  facet normal 0 1 0
    outer loop
      vertex -16.2705 7.9 6.96258
      vertex -18.5 7.9 5.58497
      vertex -16.309 7.9 7.01221
    endloop
  endfacet
  facet normal 0 1 0
    outer loop
      vertex -16.229 7.9 6.91545
      vertex -18.5 7.9 5.58497
      vertex -16.2705 7.9 6.96258
    endloop
  endfacet
  facet normal 0 1 0
    outer loop
      vertex -16.1845 7.9 6.87103
      vertex -18.5 7.9 5.58497
      vertex -16.229 7.9 6.91545
    endloop
  endfacet
  facet normal 0 1 0
    outer loop
      vertex -16.1374 7.9 6.82949
      vertex -18.5 7.9 5.58497
      vertex -16.1845 7.9 6.87103
    endloop
  endfacet
  facet normal 0 1 0
    outer loop
      vertex -16.0878 7.9 6.79098
      vertex -18.5 7.9 5.58497
      vertex -16.1374 7.9 6.82949
    endloop
  endfacet
  facet normal 0 1 0
    outer loop
      vertex -16.0358 7.9 6.75567
      vertex -18.5 7.9 5.58497
      vertex -16.0878 7.9 6.79098
    endloop
  endfacet
  facet normal 0 1 0
    outer loop
      vertex -15.9818 7.9 6.72369
      vertex -18.5 7.9 5.58497
      vertex -16.0358 7.9 6.75567
    endloop
  endfacet
  facet normal 0 1 0
    outer loop
      vertex -15.9258 7.9 6.69517
      vertex -18.5 7.9 5.58497
      vertex -15.9818 7.9 6.72369
    endloop
  endfacet
  facet normal 0 1 0
    outer loop
      vertex -15.8681 7.9 6.67022
      vertex -18.5 7.9 5.58497
      vertex -15.9258 7.9 6.69517
    endloop
  endfacet
  facet normal 0 1 0
    outer loop
      vertex -15.809 7.9 6.64894
      vertex -18.5 7.9 5.58497
      vertex -15.8681 7.9 6.67022
    endloop
  endfacet
  facet normal 0 1 0
    outer loop
      vertex -15.7487 7.9 6.63142
      vertex -18.5 7.9 5.58497
      vertex -15.809 7.9 6.64894
    endloop
  endfacet
  facet normal 0 0 -1
    outer loop
      vertex -12.605 2 5.1
      vertex -12.6 7.9 5.1
      vertex -12.6 2 5.1
    endloop
  endfacet
  facet normal -0 0 -1
    outer loop
      vertex -12.6 7.9 5.1
      vertex -12.605 2 5.1
      vertex -12.605 7.9 5.1
    endloop
  endfacet
  facet normal 0 -1 0
    outer loop
      vertex -18.0785 2 20.3475
      vertex -17.9215 2 20.3475
      vertex -18 2 20.35
    endloop
  endfacet
  facet normal 0 -1 0
    outer loop
      vertex -18.1567 2 20.3401
      vertex -17.9215 2 20.3475
      vertex -18.0785 2 20.3475
    endloop
  endfacet
  facet normal 0 -1 0
    outer loop
      vertex -18.1567 2 20.3401
      vertex -17.8433 2 20.3401
      vertex -17.9215 2 20.3475
    endloop
  endfacet
  facet normal 0 -1 0
    outer loop
      vertex -18.2342 2 20.3279
      vertex -17.8433 2 20.3401
      vertex -18.1567 2 20.3401
    endloop
  endfacet
  facet normal 0 -1 0
    outer loop
      vertex -18.2342 2 20.3279
      vertex -17.7658 2 20.3279
      vertex -17.8433 2 20.3401
    endloop
  endfacet
  facet normal 0 -1 0
    outer loop
      vertex -18.3109 2 20.3107
      vertex -17.7658 2 20.3279
      vertex -18.2342 2 20.3279
    endloop
  endfacet
  facet normal 0 -1 0
    outer loop
      vertex -18.3109 2 20.3107
      vertex -17.6891 2 20.3107
      vertex -17.7658 2 20.3279
    endloop
  endfacet
  facet normal 0 -1 0
    outer loop
      vertex -18.3863 2 20.2888
      vertex -17.6891 2 20.3107
      vertex -18.3109 2 20.3107
    endloop
  endfacet
  facet normal 0 -1 0
    outer loop
      vertex -18.3863 2 20.2888
      vertex -17.6137 2 20.2888
      vertex -17.6891 2 20.3107
    endloop
  endfacet
  facet normal 0 -1 0
    outer loop
      vertex -18.4602 2 20.2622
      vertex -17.6137 2 20.2888
      vertex -18.3863 2 20.2888
    endloop
  endfacet
  facet normal 0 -1 0
    outer loop
      vertex -18.4602 2 20.2622
      vertex -17.5398 2 20.2622
      vertex -17.6137 2 20.2888
    endloop
  endfacet
  facet normal 0 -1 0
    outer loop
      vertex -18.5322 2 20.231
      vertex -17.5398 2 20.2622
      vertex -18.4602 2 20.2622
    endloop
  endfacet
  facet normal 0 -1 0
    outer loop
      vertex -18.5322 2 20.231
      vertex -17.4678 2 20.231
      vertex -17.5398 2 20.2622
    endloop
  endfacet
  facet normal 0 -1 0
    outer loop
      vertex -18.6022 2 20.1954
      vertex -17.4678 2 20.231
      vertex -18.5322 2 20.231
    endloop
  endfacet
  facet normal 0 -1 0
    outer loop
      vertex -18.6022 2 20.1954
      vertex -17.3978 2 20.1954
      vertex -17.4678 2 20.231
    endloop
  endfacet
  facet normal 0 -1 0
    outer loop
      vertex -18.6698 2 20.1554
      vertex -17.3978 2 20.1954
      vertex -18.6022 2 20.1954
    endloop
  endfacet
  facet normal 0 -1 0
    outer loop
      vertex -18.6698 2 20.1554
      vertex -17.3302 2 20.1554
      vertex -17.3978 2 20.1954
    endloop
  endfacet
  facet normal 0 -1 0
    outer loop
      vertex -18.7347 2 20.1113
      vertex -17.3302 2 20.1554
      vertex -18.6698 2 20.1554
    endloop
  endfacet
  facet normal 0 -1 0
    outer loop
      vertex -17.2507 2 20.1
      vertex -17.3302 2 20.1554
      vertex -18.7347 2 20.1113
    endloop
  endfacet
  facet normal 0 -1 0
    outer loop
      vertex -17.3302 2 20.1554
      vertex -17.2507 2 20.1
      vertex -17.2653 2 20.1113
    endloop
  endfacet
  facet normal 0 -1 0
    outer loop
      vertex -18.7968 2 20.0631
      vertex -17.2507 2 20.1
      vertex -18.7347 2 20.1113
    endloop
  endfacet
  facet normal 0 -1 0
    outer loop
      vertex -18.5 2 17.955
      vertex -17.2507 2 20.1
      vertex -18.7968 2 20.0631
    endloop
  endfacet
  facet normal 0 -1 0
    outer loop
      vertex -18.5 2 17.955
      vertex -18.7968 2 20.0631
      vertex -18.8557 2 20.0112
    endloop
  endfacet
  facet normal 0 -1 0
    outer loop
      vertex -18.5 2 17.955
      vertex -18.8557 2 20.0112
      vertex -18.9112 2 19.9557
    endloop
  endfacet
  facet normal 0 -1 0
    outer loop
      vertex -18.5 2 17.955
      vertex -18.9112 2 19.9557
      vertex -18.9631 2 19.8968
    endloop
  endfacet
  facet normal 0 -1 0
    outer loop
      vertex -18.5 2 17.955
      vertex -18.9631 2 19.8968
      vertex -19.0113 2 19.8347
    endloop
  endfacet
  facet normal 0 -1 0
    outer loop
      vertex -18.5 2 17.955
      vertex -19.0113 2 19.8347
      vertex -19.0554 2 19.7698
    endloop
  endfacet
  facet normal 0 -1 0
    outer loop
      vertex -18.5 2 17.955
      vertex -19.0554 2 19.7698
      vertex -19.0954 2 19.7022
    endloop
  endfacet
  facet normal 0 -1 0
    outer loop
      vertex -18.5 2 17.955
      vertex -19.0954 2 19.7022
      vertex -19.131 2 19.6322
    endloop
  endfacet
  facet normal 0 -1 0
    outer loop
      vertex -18.5 2 17.955
      vertex -19.131 2 19.6322
      vertex -19.1622 2 19.5602
    endloop
  endfacet
  facet normal 0 -1 0
    outer loop
      vertex -18.5 2 17.955
      vertex -19.1622 2 19.5602
      vertex -19.1888 2 19.4863
    endloop
  endfacet
  facet normal 0 -1 0
    outer loop
      vertex -18.5 2 17.955
      vertex -19.1888 2 19.4863
      vertex -19.2107 2 19.4109
    endloop
  endfacet
  facet normal 0 -1 0
    outer loop
      vertex -18.5 2 17.955
      vertex -19.2107 2 19.4109
      vertex -19.2279 2 19.3342
    endloop
  endfacet
  facet normal 0 -1 0
    outer loop
      vertex -18.5 2 17.955
      vertex -19.2279 2 19.3342
      vertex -19.2401 2 19.2567
    endloop
  endfacet
  facet normal 0 -1 0
    outer loop
      vertex -18.5 2 17.955
      vertex -19.2401 2 19.2567
      vertex -19.2475 2 19.1785
    endloop
  endfacet
  facet normal 0 -1 0
    outer loop
      vertex -18.5 2 17.955
      vertex -19.2475 2 19.1785
      vertex -19.25 2 19.1
    endloop
  endfacet
  facet normal 0 -1 0
    outer loop
      vertex -18.5 2 17.955
      vertex -19.25 2 19.1
      vertex -19.2475 2 19.0215
    endloop
  endfacet
  facet normal 0 -1 0
    outer loop
      vertex -18.5 2 17.955
      vertex -19.2475 2 19.0215
      vertex -19.2401 2 18.9433
    endloop
  endfacet
  facet normal 0 -1 0
    outer loop
      vertex -18.5 2 17.955
      vertex -19.2401 2 18.9433
      vertex -19.2279 2 18.8658
    endloop
  endfacet
  facet normal 0 -1 0
    outer loop
      vertex -18.5 2 17.955
      vertex -19.2279 2 18.8658
      vertex -19.2107 2 18.7891
    endloop
  endfacet
  facet normal 0 -1 0
    outer loop
      vertex -18.5 2 17.955
      vertex -19.2107 2 18.7891
      vertex -19.1888 2 18.7137
    endloop
  endfacet
  facet normal 0 -1 0
    outer loop
      vertex -18.5 2 17.955
      vertex -19.1888 2 18.7137
      vertex -19.1622 2 18.6398
    endloop
  endfacet
  facet normal 0 -1 0
    outer loop
      vertex -18.5 2 17.955
      vertex -19.1622 2 18.6398
      vertex -19.131 2 18.5678
    endloop
  endfacet
  facet normal 0 -1 0
    outer loop
      vertex -18.5 2 17.955
      vertex -19.131 2 18.5678
      vertex -19.0954 2 18.4978
    endloop
  endfacet
  facet normal 0 -1 0
    outer loop
      vertex -18.5 2 17.955
      vertex -19.0954 2 18.4978
      vertex -19.0554 2 18.4302
    endloop
  endfacet
  facet normal 0 -1 0
    outer loop
      vertex -18.5 2 17.955
      vertex -19.0554 2 18.4302
      vertex -19.0113 2 18.3653
    endloop
  endfacet
  facet normal 0 -1 0
    outer loop
      vertex -18.5 2 17.955
      vertex -19.0113 2 18.3653
      vertex -18.9631 2 18.3032
    endloop
  endfacet
  facet normal 0 -1 0
    outer loop
      vertex -18.5 2 17.955
      vertex -18.9631 2 18.3032
      vertex -18.9112 2 18.2443
    endloop
  endfacet
  facet normal 0 -1 0
    outer loop
      vertex -18.5 2 17.955
      vertex -18.9112 2 18.2443
      vertex -18.8557 2 18.1888
    endloop
  endfacet
  facet normal 0 -1 0
    outer loop
      vertex -18.5 2 17.955
      vertex -18.8557 2 18.1888
      vertex -18.7968 2 18.1369
    endloop
  endfacet
  facet normal 0 -1 0
    outer loop
      vertex -18.5 2 17.955
      vertex -18.7968 2 18.1369
      vertex -18.7347 2 18.0887
    endloop
  endfacet
  facet normal 0 -1 0
    outer loop
      vertex -18.5 2 17.955
      vertex -18.7347 2 18.0887
      vertex -18.6698 2 18.0446
    endloop
  endfacet
  facet normal 0 -1 0
    outer loop
      vertex -18.5 2 17.955
      vertex -18.6698 2 18.0446
      vertex -18.6022 2 18.0046
    endloop
  endfacet
  facet normal 0 -1 0
    outer loop
      vertex -18.5 2 17.955
      vertex -18.6022 2 18.0046
      vertex -18.5322 2 17.969
    endloop
  endfacet
  facet normal 0 -1 -0
    outer loop
      vertex -17.2507 2 20.1
      vertex -18.5 2 17.955
      vertex -16 2 20.1
    endloop
  endfacet
  facet normal 0 -1 0
    outer loop
      vertex -18.5 2 17.955
      vertex -16 2 8.46552
      vertex -16 2 20.1
    endloop
  endfacet
  facet normal 0 -1 0
    outer loop
      vertex -18.5 2 17.955
      vertex -16.0358 2 8.44433
      vertex -16 2 8.46552
    endloop
  endfacet
  facet normal 0 -1 0
    outer loop
      vertex -18.5 2 17.955
      vertex -16.0878 2 8.40902
      vertex -16.0358 2 8.44433
    endloop
  endfacet
  facet normal 0 -1 0
    outer loop
      vertex -18.5 2 17.955
      vertex -16.1374 2 8.37051
      vertex -16.0878 2 8.40902
    endloop
  endfacet
  facet normal 0 -1 0
    outer loop
      vertex -18.5 2 17.955
      vertex -16.1845 2 8.32897
      vertex -16.1374 2 8.37051
    endloop
  endfacet
  facet normal 0 -1 0
    outer loop
      vertex -18.5 2 17.955
      vertex -16.229 2 8.28455
      vertex -16.1845 2 8.32897
    endloop
  endfacet
  facet normal 0 -1 0
    outer loop
      vertex -18.5 2 17.955
      vertex -16.2705 2 8.23742
      vertex -16.229 2 8.28455
    endloop
  endfacet
  facet normal 0 -1 0
    outer loop
      vertex -18.5 2 17.955
      vertex -16.309 2 8.18779
      vertex -16.2705 2 8.23742
    endloop
  endfacet
  facet normal 0 -1 0
    outer loop
      vertex -18.5 2 17.955
      vertex -16.3443 2 8.13583
      vertex -16.309 2 8.18779
    endloop
  endfacet
  facet normal 0 -1 0
    outer loop
      vertex -18.5 2 17.955
      vertex -16.3763 2 8.08175
      vertex -16.3443 2 8.13583
    endloop
  endfacet
  facet normal 0 -1 0
    outer loop
      vertex -18.5 2 5.58497
      vertex -16.3763 2 8.08175
      vertex -18.5 2 17.955
    endloop
  endfacet
  facet normal 0 -1 0
    outer loop
      vertex -16.3763 2 8.08175
      vertex -18.5 2 5.58497
      vertex -16.4048 2 8.02578
    endloop
  endfacet
  facet normal 0 -1 0
    outer loop
      vertex -16.4048 2 8.02578
      vertex -18.5 2 5.58497
      vertex -16.4298 2 7.96812
    endloop
  endfacet
  facet normal 0 -1 0
    outer loop
      vertex -16.4298 2 7.96812
      vertex -18.5 2 5.58497
      vertex -16.4511 2 7.90902
    endloop
  endfacet
  facet normal 0 -1 0
    outer loop
      vertex -16.4511 2 7.90902
      vertex -18.5 2 5.58497
      vertex -16.4686 2 7.84869
    endloop
  endfacet
  facet normal 0 -1 0
    outer loop
      vertex -16.4686 2 7.84869
      vertex -18.5 2 5.58497
      vertex -16.4823 2 7.78738
    endloop
  endfacet
  facet normal 0 -1 0
    outer loop
      vertex -16.4823 2 7.78738
      vertex -18.5 2 5.58497
      vertex -16.4921 2 7.72533
    endloop
  endfacet
  facet normal 0 -1 0
    outer loop
      vertex -16.4921 2 7.72533
      vertex -18.5 2 5.58497
      vertex -16.498 2 7.66279
    endloop
  endfacet
  facet normal 0 -1 0
    outer loop
      vertex -16.498 2 7.66279
      vertex -18.5 2 5.58497
      vertex -16.5 2 7.6
    endloop
  endfacet
  facet normal 0 -1 -0
    outer loop
      vertex -16.5 2 7.6
      vertex -18.5 2 5.58497
      vertex -16.498 2 7.53721
    endloop
  endfacet
  facet normal 0 -1 -0
    outer loop
      vertex -16.498 2 7.53721
      vertex -18.5 2 5.58497
      vertex -16.4921 2 7.47467
    endloop
  endfacet
  facet normal 0 -1 -0
    outer loop
      vertex -15.5628 2 6.60197
      vertex -18.5 2 5.58497
      vertex -15.5 2 6.6
    endloop
  endfacet
  facet normal 0 -1 -0
    outer loop
      vertex -15.6253 2 6.60788
      vertex -18.5 2 5.58497
      vertex -15.5628 2 6.60197
    endloop
  endfacet
  facet normal 0 -1 -0
    outer loop
      vertex -15.6874 2 6.61771
      vertex -18.5 2 5.58497
      vertex -15.6253 2 6.60788
    endloop
  endfacet
  facet normal 0 -1 -0
    outer loop
      vertex -15.7487 2 6.63142
      vertex -18.5 2 5.58497
      vertex -15.6874 2 6.61771
    endloop
  endfacet
  facet normal 0 -1 -0
    outer loop
      vertex -15.809 2 6.64894
      vertex -18.5 2 5.58497
      vertex -15.7487 2 6.63142
    endloop
  endfacet
  facet normal 0 -1 -0
    outer loop
      vertex -15.8681 2 6.67022
      vertex -18.5 2 5.58497
      vertex -15.809 2 6.64894
    endloop
  endfacet
  facet normal 0 -1 -0
    outer loop
      vertex -15.9258 2 6.69517
      vertex -18.5 2 5.58497
      vertex -15.8681 2 6.67022
    endloop
  endfacet
  facet normal 0 -1 -0
    outer loop
      vertex -15.9818 2 6.72369
      vertex -18.5 2 5.58497
      vertex -15.9258 2 6.69517
    endloop
  endfacet
  facet normal 0 -1 -0
    outer loop
      vertex -16.0358 2 6.75567
      vertex -18.5 2 5.58497
      vertex -15.9818 2 6.72369
    endloop
  endfacet
  facet normal 0 -1 -0
    outer loop
      vertex -16.0878 2 6.79098
      vertex -18.5 2 5.58497
      vertex -16.0358 2 6.75567
    endloop
  endfacet
  facet normal 0 -1 -0
    outer loop
      vertex -16.1374 2 6.82949
      vertex -18.5 2 5.58497
      vertex -16.0878 2 6.79098
    endloop
  endfacet
  facet normal 0 -1 -0
    outer loop
      vertex -16.1845 2 6.87103
      vertex -18.5 2 5.58497
      vertex -16.1374 2 6.82949
    endloop
  endfacet
  facet normal 0 -1 -0
    outer loop
      vertex -16.229 2 6.91545
      vertex -18.5 2 5.58497
      vertex -16.1845 2 6.87103
    endloop
  endfacet
  facet normal 0 -1 -0
    outer loop
      vertex -16.2705 2 6.96258
      vertex -18.5 2 5.58497
      vertex -16.229 2 6.91545
    endloop
  endfacet
  facet normal 0 -1 -0
    outer loop
      vertex -16.309 2 7.01221
      vertex -18.5 2 5.58497
      vertex -16.2705 2 6.96258
    endloop
  endfacet
  facet normal 0 -1 -0
    outer loop
      vertex -16.3443 2 7.06417
      vertex -18.5 2 5.58497
      vertex -16.309 2 7.01221
    endloop
  endfacet
  facet normal 0 -1 -0
    outer loop
      vertex -16.3763 2 7.11825
      vertex -18.5 2 5.58497
      vertex -16.3443 2 7.06417
    endloop
  endfacet
  facet normal 0 -1 -0
    outer loop
      vertex -16.4048 2 7.17422
      vertex -18.5 2 5.58497
      vertex -16.3763 2 7.11825
    endloop
  endfacet
  facet normal 0 -1 -0
    outer loop
      vertex -16.4298 2 7.23187
      vertex -18.5 2 5.58497
      vertex -16.4048 2 7.17422
    endloop
  endfacet
  facet normal 0 -1 -0
    outer loop
      vertex -16.4511 2 7.29098
      vertex -18.5 2 5.58497
      vertex -16.4298 2 7.23187
    endloop
  endfacet
  facet normal 0 -1 -0
    outer loop
      vertex -16.4686 2 7.35131
      vertex -18.5 2 5.58497
      vertex -16.4511 2 7.29098
    endloop
  endfacet
  facet normal 0 -1 -0
    outer loop
      vertex -16.4823 2 7.41262
      vertex -18.5 2 5.58497
      vertex -16.4686 2 7.35131
    endloop
  endfacet
  facet normal 0 -1 -0
    outer loop
      vertex -16.4921 2 7.47467
      vertex -18.5 2 5.58497
      vertex -16.4823 2 7.41262
    endloop
  endfacet
  facet normal 0 -1 0
    outer loop
      vertex -12.6 2 17.9161
      vertex -13.7493 2 20.1
      vertex -15 2 20.1
    endloop
  endfacet
  facet normal 0 -1 0
    outer loop
      vertex -13.7493 2 20.1
      vertex -12.6 2 17.9161
      vertex -12.2032 2 20.0631
    endloop
  endfacet
  facet normal 0 -1 -0
    outer loop
      vertex -12.2032 2 20.0631
      vertex -12.6 2 17.9161
      vertex -12.1443 2 20.0112
    endloop
  endfacet
  facet normal 0 -1 -0
    outer loop
      vertex -12.1443 2 20.0112
      vertex -12.6 2 17.9161
      vertex -12.0888 2 19.9557
    endloop
  endfacet
  facet normal 0 -1 -0
    outer loop
      vertex -12.0888 2 19.9557
      vertex -12.6 2 17.9161
      vertex -12.0369 2 19.8968
    endloop
  endfacet
  facet normal 0 -1 -0
    outer loop
      vertex -12.0369 2 19.8968
      vertex -12.6 2 17.9161
      vertex -11.9887 2 19.8347
    endloop
  endfacet
  facet normal 0 -1 -0
    outer loop
      vertex -11.9887 2 19.8347
      vertex -12.6 2 17.9161
      vertex -11.9446 2 19.7698
    endloop
  endfacet
  facet normal 0 -1 -0
    outer loop
      vertex -11.9446 2 19.7698
      vertex -12.6 2 17.9161
      vertex -11.9046 2 19.7022
    endloop
  endfacet
  facet normal 0 -1 -0
    outer loop
      vertex -11.9046 2 19.7022
      vertex -12.6 2 17.9161
      vertex -11.869 2 19.6322
    endloop
  endfacet
  facet normal 0 -1 -0
    outer loop
      vertex -11.869 2 19.6322
      vertex -12.6 2 17.9161
      vertex -11.8378 2 19.5602
    endloop
  endfacet
  facet normal 0 -1 -0
    outer loop
      vertex -11.8378 2 19.5602
      vertex -12.6 2 17.9161
      vertex -11.8112 2 19.4863
    endloop
  endfacet
  facet normal 0 -1 -0
    outer loop
      vertex -11.8112 2 19.4863
      vertex -12.6 2 17.9161
      vertex -11.7893 2 19.4109
    endloop
  endfacet
  facet normal 0 -1 -0
    outer loop
      vertex -11.7893 2 19.4109
      vertex -12.6 2 17.9161
      vertex -11.7721 2 19.3342
    endloop
  endfacet
  facet normal 0 -1 -0
    outer loop
      vertex -11.7721 2 19.3342
      vertex -12.6 2 17.9161
      vertex -11.7599 2 19.2567
    endloop
  endfacet
  facet normal 0 -1 -0
    outer loop
      vertex -11.7599 2 19.2567
      vertex -12.6 2 17.9161
      vertex -11.7525 2 19.1785
    endloop
  endfacet
  facet normal 0 -1 -0
    outer loop
      vertex -11.7525 2 19.1785
      vertex -12.6 2 17.9161
      vertex -11.75 2 19.1
    endloop
  endfacet
  facet normal 0 -1 0
    outer loop
      vertex -11.75 2 19.1
      vertex -12.6 2 17.9161
      vertex -11.7525 2 19.0215
    endloop
  endfacet
  facet normal 0 -1 0
    outer loop
      vertex -11.7525 2 19.0215
      vertex -12.6 2 17.9161
      vertex -11.7599 2 18.9433
    endloop
  endfacet
  facet normal 0 -1 0
    outer loop
      vertex -11.7599 2 18.9433
      vertex -12.6 2 17.9161
      vertex -11.7721 2 18.8658
    endloop
  endfacet
  facet normal 0 -1 0
    outer loop
      vertex -11.7721 2 18.8658
      vertex -12.6 2 17.9161
      vertex -11.7893 2 18.7891
    endloop
  endfacet
  facet normal 0 -1 0
    outer loop
      vertex -11.7893 2 18.7891
      vertex -12.6 2 17.9161
      vertex -11.8112 2 18.7137
    endloop
  endfacet
  facet normal 0 -1 0
    outer loop
      vertex -11.8112 2 18.7137
      vertex -12.6 2 17.9161
      vertex -11.8378 2 18.6398
    endloop
  endfacet
  facet normal 0 -1 0
    outer loop
      vertex -11.8378 2 18.6398
      vertex -12.6 2 17.9161
      vertex -11.869 2 18.5678
    endloop
  endfacet
  facet normal 0 -1 0
    outer loop
      vertex -11.869 2 18.5678
      vertex -12.6 2 17.9161
      vertex -11.9046 2 18.4978
    endloop
  endfacet
  facet normal 0 -1 0
    outer loop
      vertex -11.9046 2 18.4978
      vertex -12.6 2 17.9161
      vertex -11.9446 2 18.4302
    endloop
  endfacet
  facet normal 0 -1 0
    outer loop
      vertex -11.9446 2 18.4302
      vertex -12.6 2 17.9161
      vertex -11.9887 2 18.3653
    endloop
  endfacet
  facet normal 0 -1 0
    outer loop
      vertex -11.9887 2 18.3653
      vertex -12.6 2 17.9161
      vertex -12.0369 2 18.3032
    endloop
  endfacet
  facet normal 0 -1 0
    outer loop
      vertex -12.0369 2 18.3032
      vertex -12.6 2 17.9161
      vertex -12.0888 2 18.2443
    endloop
  endfacet
  facet normal 0 -1 0
    outer loop
      vertex -12.0888 2 18.2443
      vertex -12.6 2 17.9161
      vertex -12.1443 2 18.1888
    endloop
  endfacet
  facet normal 0 -1 0
    outer loop
      vertex -12.1443 2 18.1888
      vertex -12.6 2 17.9161
      vertex -12.2032 2 18.1369
    endloop
  endfacet
  facet normal 0 -1 0
    outer loop
      vertex -12.2032 2 18.1369
      vertex -12.6 2 17.9161
      vertex -12.2653 2 18.0887
    endloop
  endfacet
  facet normal 0 -1 0
    outer loop
      vertex -12.2653 2 18.0887
      vertex -12.6 2 17.9161
      vertex -12.3302 2 18.0446
    endloop
  endfacet
  facet normal 0 -1 0
    outer loop
      vertex -12.3302 2 18.0446
      vertex -12.6 2 17.9161
      vertex -12.3978 2 18.0046
    endloop
  endfacet
  facet normal 0 -1 0
    outer loop
      vertex -12.3978 2 18.0046
      vertex -12.6 2 17.9161
      vertex -12.4678 2 17.969
    endloop
  endfacet
  facet normal 0 -1 0
    outer loop
      vertex -12.4678 2 17.969
      vertex -12.6 2 17.9161
      vertex -12.5398 2 17.9378
    endloop
  endfacet
  facet normal 0 -1 0
    outer loop
      vertex -15 2 8.46552
      vertex -12.6 2 17.9161
      vertex -15 2 20.1
    endloop
  endfacet
  facet normal 0 -1 0
    outer loop
      vertex -14.9642 2 8.44433
      vertex -12.6 2 17.9161
      vertex -15 2 8.46552
    endloop
  endfacet
  facet normal 0 -1 0
    outer loop
      vertex -14.9122 2 8.40902
      vertex -12.6 2 17.9161
      vertex -14.9642 2 8.44433
    endloop
  endfacet
  facet normal 0 -1 0
    outer loop
      vertex -14.8626 2 8.37051
      vertex -12.6 2 17.9161
      vertex -14.9122 2 8.40902
    endloop
  endfacet
  facet normal 0 -1 0
    outer loop
      vertex -14.8155 2 8.32897
      vertex -12.6 2 17.9161
      vertex -14.8626 2 8.37051
    endloop
  endfacet
  facet normal 0 -1 0
    outer loop
      vertex -14.771 2 8.28455
      vertex -12.6 2 17.9161
      vertex -14.8155 2 8.32897
    endloop
  endfacet
  facet normal 0 -1 0
    outer loop
      vertex -14.7295 2 8.23742
      vertex -12.6 2 17.9161
      vertex -14.771 2 8.28455
    endloop
  endfacet
  facet normal 0 -1 0
    outer loop
      vertex -14.691 2 8.18779
      vertex -12.6 2 17.9161
      vertex -14.7295 2 8.23742
    endloop
  endfacet
  facet normal 0 -1 0
    outer loop
      vertex -14.6557 2 8.13583
      vertex -12.6 2 17.9161
      vertex -14.691 2 8.18779
    endloop
  endfacet
  facet normal 0 -1 0
    outer loop
      vertex -14.6237 2 8.08175
      vertex -12.6 2 17.9161
      vertex -14.6557 2 8.13583
    endloop
  endfacet
  facet normal 0 -1 0
    outer loop
      vertex -12.605 2 5.58497
      vertex -14.6237 2 8.08175
      vertex -14.5952 2 8.02578
    endloop
  endfacet
  facet normal 0 -1 0
    outer loop
      vertex -12.605 2 5.58497
      vertex -14.5952 2 8.02578
      vertex -14.5702 2 7.96812
    endloop
  endfacet
  facet normal 0 -1 0
    outer loop
      vertex -12.605 2 5.58497
      vertex -14.5702 2 7.96812
      vertex -14.5489 2 7.90902
    endloop
  endfacet
  facet normal 0 -1 0
    outer loop
      vertex -12.605 2 5.58497
      vertex -14.5489 2 7.90902
      vertex -14.5314 2 7.84869
    endloop
  endfacet
  facet normal 0 -1 0
    outer loop
      vertex -12.605 2 5.58497
      vertex -14.5314 2 7.84869
      vertex -14.5177 2 7.78738
    endloop
  endfacet
  facet normal 0 -1 0
    outer loop
      vertex -12.605 2 5.58497
      vertex -14.5177 2 7.78738
      vertex -14.5079 2 7.72533
    endloop
  endfacet
  facet normal 0 -1 0
    outer loop
      vertex -12.605 2 5.58497
      vertex -14.5079 2 7.72533
      vertex -14.502 2 7.66279
    endloop
  endfacet
  facet normal 0 -1 0
    outer loop
      vertex -12.605 2 5.58497
      vertex -14.502 2 7.66279
      vertex -14.5 2 7.6
    endloop
  endfacet
  facet normal 0 -1 0
    outer loop
      vertex -12.605 2 5.58497
      vertex -14.5 2 7.6
      vertex -14.502 2 7.53721
    endloop
  endfacet
  facet normal 0 -1 0
    outer loop
      vertex -12.605 2 5.58497
      vertex -14.502 2 7.53721
      vertex -14.5079 2 7.47467
    endloop
  endfacet
  facet normal 0 -1 0
    outer loop
      vertex -12.605 2 5.58497
      vertex -14.5079 2 7.47467
      vertex -14.5177 2 7.41262
    endloop
  endfacet
  facet normal 0 -1 0
    outer loop
      vertex -12.605 2 5.58497
      vertex -15.5 2 6.6
      vertex -18.5 2 5.58497
    endloop
  endfacet
  facet normal 0 -1 0
    outer loop
      vertex -15.5 2 6.6
      vertex -12.605 2 5.58497
      vertex -15.4372 2 6.60197
    endloop
  endfacet
  facet normal 0 -1 0
    outer loop
      vertex -15.4372 2 6.60197
      vertex -12.605 2 5.58497
      vertex -15.3747 2 6.60788
    endloop
  endfacet
  facet normal 0 -1 0
    outer loop
      vertex -15.3747 2 6.60788
      vertex -12.605 2 5.58497
      vertex -15.3126 2 6.61771
    endloop
  endfacet
  facet normal 0 -1 0
    outer loop
      vertex -15.3126 2 6.61771
      vertex -12.605 2 5.58497
      vertex -15.2513 2 6.63142
    endloop
  endfacet
  facet normal 0 -1 0
    outer loop
      vertex -15.2513 2 6.63142
      vertex -12.605 2 5.58497
      vertex -15.191 2 6.64894
    endloop
  endfacet
  facet normal 0 -1 0
    outer loop
      vertex -12.605 2 5.58497
      vertex -15.1319 2 6.67022
      vertex -15.191 2 6.64894
    endloop
  endfacet
  facet normal 0 -1 0
    outer loop
      vertex -12.605 2 5.58497
      vertex -15.0742 2 6.69517
      vertex -15.1319 2 6.67022
    endloop
  endfacet
  facet normal 0 -1 0
    outer loop
      vertex -12.605 2 5.58497
      vertex -15.0182 2 6.72369
      vertex -15.0742 2 6.69517
    endloop
  endfacet
  facet normal 0 -1 0
    outer loop
      vertex -12.605 2 5.58497
      vertex -14.9642 2 6.75567
      vertex -15.0182 2 6.72369
    endloop
  endfacet
  facet normal 0 -1 0
    outer loop
      vertex -12.605 2 5.58497
      vertex -14.9122 2 6.79098
      vertex -14.9642 2 6.75567
    endloop
  endfacet
  facet normal 0 -1 0
    outer loop
      vertex -12.605 2 5.58497
      vertex -14.8626 2 6.82949
      vertex -14.9122 2 6.79098
    endloop
  endfacet
  facet normal 0 -1 0
    outer loop
      vertex -12.605 2 5.58497
      vertex -14.8155 2 6.87103
      vertex -14.8626 2 6.82949
    endloop
  endfacet
  facet normal 0 -1 0
    outer loop
      vertex -12.605 2 5.58497
      vertex -14.771 2 6.91545
      vertex -14.8155 2 6.87103
    endloop
  endfacet
  facet normal 0 -1 0
    outer loop
      vertex -12.605 2 5.58497
      vertex -14.7295 2 6.96258
      vertex -14.771 2 6.91545
    endloop
  endfacet
  facet normal 0 -1 0
    outer loop
      vertex -12.605 2 5.58497
      vertex -14.691 2 7.01221
      vertex -14.7295 2 6.96258
    endloop
  endfacet
  facet normal 0 -1 0
    outer loop
      vertex -12.605 2 5.58497
      vertex -14.6557 2 7.06417
      vertex -14.691 2 7.01221
    endloop
  endfacet
  facet normal 0 -1 0
    outer loop
      vertex -12.605 2 5.58497
      vertex -14.6237 2 7.11825
      vertex -14.6557 2 7.06417
    endloop
  endfacet
  facet normal 0 -1 0
    outer loop
      vertex -12.605 2 5.58497
      vertex -14.5952 2 7.17422
      vertex -14.6237 2 7.11825
    endloop
  endfacet
  facet normal 0 -1 0
    outer loop
      vertex -12.605 2 5.58497
      vertex -14.5702 2 7.23187
      vertex -14.5952 2 7.17422
    endloop
  endfacet
  facet normal 0 -1 0
    outer loop
      vertex -12.605 2 5.58497
      vertex -14.5489 2 7.29098
      vertex -14.5702 2 7.23187
    endloop
  endfacet
  facet normal 0 -1 0
    outer loop
      vertex -12.605 2 5.58497
      vertex -14.5314 2 7.35131
      vertex -14.5489 2 7.29098
    endloop
  endfacet
  facet normal 0 -1 0
    outer loop
      vertex -12.605 2 5.58497
      vertex -14.5177 2 7.41262
      vertex -14.5314 2 7.35131
    endloop
  endfacet
  facet normal 0 -1 0
    outer loop
      vertex -14.6237 2 8.08175
      vertex -12.605 2 5.58497
      vertex -12.6 2 17.9161
    endloop
  endfacet
  facet normal 0 -1 0
    outer loop
      vertex -12.6 2 5.1
      vertex -12.605 2 5.58497
      vertex -12.605 2 5.1
    endloop
  endfacet
  facet normal 0 -1 0
    outer loop
      vertex -12.605 2 5.58497
      vertex -12.6 2 5.1
      vertex -12.6 2 17.9161
    endloop
  endfacet
  facet normal 0 -1 0
    outer loop
      vertex -13.0785 2 20.3475
      vertex -12.9215 2 20.3475
      vertex -13 2 20.35
    endloop
  endfacet
  facet normal 0 -1 0
    outer loop
      vertex -13.1567 2 20.3401
      vertex -12.9215 2 20.3475
      vertex -13.0785 2 20.3475
    endloop
  endfacet
  facet normal 0 -1 0
    outer loop
      vertex -13.1567 2 20.3401
      vertex -12.8433 2 20.3401
      vertex -12.9215 2 20.3475
    endloop
  endfacet
  facet normal 0 -1 0
    outer loop
      vertex -13.2342 2 20.3279
      vertex -12.8433 2 20.3401
      vertex -13.1567 2 20.3401
    endloop
  endfacet
  facet normal 0 -1 0
    outer loop
      vertex -13.2342 2 20.3279
      vertex -12.7658 2 20.3279
      vertex -12.8433 2 20.3401
    endloop
  endfacet
  facet normal 0 -1 0
    outer loop
      vertex -13.3109 2 20.3107
      vertex -12.7658 2 20.3279
      vertex -13.2342 2 20.3279
    endloop
  endfacet
  facet normal 0 -1 0
    outer loop
      vertex -13.3109 2 20.3107
      vertex -12.6891 2 20.3107
      vertex -12.7658 2 20.3279
    endloop
  endfacet
  facet normal 0 -1 0
    outer loop
      vertex -13.3863 2 20.2888
      vertex -12.6891 2 20.3107
      vertex -13.3109 2 20.3107
    endloop
  endfacet
  facet normal 0 -1 0
    outer loop
      vertex -13.3863 2 20.2888
      vertex -12.6137 2 20.2888
      vertex -12.6891 2 20.3107
    endloop
  endfacet
  facet normal 0 -1 0
    outer loop
      vertex -13.4602 2 20.2622
      vertex -12.6137 2 20.2888
      vertex -13.3863 2 20.2888
    endloop
  endfacet
  facet normal 0 -1 0
    outer loop
      vertex -13.4602 2 20.2622
      vertex -12.5398 2 20.2622
      vertex -12.6137 2 20.2888
    endloop
  endfacet
  facet normal 0 -1 0
    outer loop
      vertex -13.5322 2 20.231
      vertex -12.5398 2 20.2622
      vertex -13.4602 2 20.2622
    endloop
  endfacet
  facet normal 0 -1 0
    outer loop
      vertex -13.5322 2 20.231
      vertex -12.4678 2 20.231
      vertex -12.5398 2 20.2622
    endloop
  endfacet
  facet normal 0 -1 0
    outer loop
      vertex -13.6022 2 20.1954
      vertex -12.4678 2 20.231
      vertex -13.5322 2 20.231
    endloop
  endfacet
  facet normal 0 -1 0
    outer loop
      vertex -13.6022 2 20.1954
      vertex -12.3978 2 20.1954
      vertex -12.4678 2 20.231
    endloop
  endfacet
  facet normal 0 -1 0
    outer loop
      vertex -13.6698 2 20.1554
      vertex -12.3978 2 20.1954
      vertex -13.6022 2 20.1954
    endloop
  endfacet
  facet normal 0 -1 0
    outer loop
      vertex -13.6698 2 20.1554
      vertex -12.3302 2 20.1554
      vertex -12.3978 2 20.1954
    endloop
  endfacet
  facet normal 0 -1 0
    outer loop
      vertex -13.7493 2 20.1
      vertex -13.6698 2 20.1554
      vertex -13.7347 2 20.1113
    endloop
  endfacet
  facet normal 0 -1 -0
    outer loop
      vertex -13.6698 2 20.1554
      vertex -13.7493 2 20.1
      vertex -12.3302 2 20.1554
    endloop
  endfacet
  facet normal 0 -1 -0
    outer loop
      vertex -12.3302 2 20.1554
      vertex -13.7493 2 20.1
      vertex -12.2653 2 20.1113
    endloop
  endfacet
  facet normal 0 -1 -0
    outer loop
      vertex -12.2653 2 20.1113
      vertex -13.7493 2 20.1
      vertex -12.2032 2 20.0631
    endloop
  endfacet
  facet normal 1 -0 0
    outer loop
      vertex -16 2 20.1
      vertex -16 7.9 8.46552
      vertex -16 7.9 20.1
    endloop
  endfacet
  facet normal 1 0 0
    outer loop
      vertex -16 7.9 8.46552
      vertex -16 2 20.1
      vertex -16 2 8.46552
    endloop
  endfacet
  facet normal -1 0 0
    outer loop
      vertex -15 2 8.46552
      vertex -15 7.9 20.1
      vertex -15 7.9 8.46552
    endloop
  endfacet
  facet normal -1 -0 0
    outer loop
      vertex -15 7.9 20.1
      vertex -15 2 8.46552
      vertex -15 2 20.1
    endloop
  endfacet
  facet normal -0.999507 0 -0.0314092
    outer loop
      vertex -14.5 2 7.6
      vertex -14.502 7.9 7.66279
      vertex -14.5 7.9 7.6
    endloop
  endfacet
  facet normal -0.999507 -0 -0.0314092
    outer loop
      vertex -14.502 7.9 7.66279
      vertex -14.5 2 7.6
      vertex -14.502 2 7.66279
    endloop
  endfacet
  facet normal -0.995562 0 -0.0941049
    outer loop
      vertex -14.502 2 7.66279
      vertex -14.5079 7.9 7.72533
      vertex -14.502 7.9 7.66279
    endloop
  endfacet
  facet normal -0.995562 -0 -0.0941049
    outer loop
      vertex -14.5079 7.9 7.72533
      vertex -14.502 2 7.66279
      vertex -14.5079 2 7.72533
    endloop
  endfacet
  facet normal 0.999506 0 -0.0314243
    outer loop
      vertex -16.498 2 7.66279
      vertex -16.5 7.9 7.6
      vertex -16.498 7.9 7.66279
    endloop
  endfacet
  facet normal 0.999506 0 -0.0314243
    outer loop
      vertex -16.5 7.9 7.6
      vertex -16.498 2 7.66279
      vertex -16.5 2 7.6
    endloop
  endfacet
  facet normal -0.707107 0 -0.707107
    outer loop
      vertex -14.771 2 8.28455
      vertex -14.8155 7.9 8.32897
      vertex -14.771 7.9 8.28455
    endloop
  endfacet
  facet normal -0.707107 -0 -0.707107
    outer loop
      vertex -14.8155 7.9 8.32897
      vertex -14.771 2 8.28455
      vertex -14.8155 2 8.32897
    endloop
  endfacet
  facet normal 0.661307 0 -0.750115
    outer loop
      vertex -16.1845 2 8.32897
      vertex -16.1374 7.9 8.37051
      vertex -16.1374 2 8.37051
    endloop
  endfacet
  facet normal 0.661307 0 -0.750115
    outer loop
      vertex -16.1374 7.9 8.37051
      vertex -16.1845 2 8.32897
      vertex -16.1845 7.9 8.32897
    endloop
  endfacet
  facet normal -0.917751 0 -0.397155
    outer loop
      vertex -14.5702 2 7.96812
      vertex -14.5952 7.9 8.02578
      vertex -14.5702 7.9 7.96812
    endloop
  endfacet
  facet normal -0.917751 -0 -0.397155
    outer loop
      vertex -14.5952 7.9 8.02578
      vertex -14.5702 2 7.96812
      vertex -14.5952 2 8.02578
    endloop
  endfacet
  facet normal -0.562084 0 -0.82708
    outer loop
      vertex -14.9642 2 8.44433
      vertex -14.9122 7.9 8.40902
      vertex -14.9122 2 8.40902
    endloop
  endfacet
  facet normal -0.562084 0 -0.82708
    outer loop
      vertex -14.9122 7.9 8.40902
      vertex -14.9642 2 8.44433
      vertex -14.9642 7.9 8.44433
    endloop
  endfacet
  facet normal 0.917763 0 -0.39713
    outer loop
      vertex -16.4048 2 8.02578
      vertex -16.4298 7.9 7.96812
      vertex -16.4048 7.9 8.02578
    endloop
  endfacet
  facet normal 0.917763 0 -0.39713
    outer loop
      vertex -16.4298 7.9 7.96812
      vertex -16.4048 2 8.02578
      vertex -16.4298 2 7.96812
    endloop
  endfacet
  facet normal 0.707107 0 -0.707107
    outer loop
      vertex -16.1845 2 8.32897
      vertex -16.229 7.9 8.28455
      vertex -16.1845 7.9 8.32897
    endloop
  endfacet
  facet normal 0.707107 0 -0.707107
    outer loop
      vertex -16.229 7.9 8.28455
      vertex -16.1845 2 8.32897
      vertex -16.229 2 8.28455
    endloop
  endfacet
  facet normal -0.960293 0 0.278993
    outer loop
      vertex -14.5489 2 7.29098
      vertex -14.5314 7.9 7.35131
      vertex -14.5489 7.9 7.29098
    endloop
  endfacet
  facet normal -0.960293 0 0.278993
    outer loop
      vertex -14.5314 7.9 7.35131
      vertex -14.5489 2 7.29098
      vertex -14.5314 2 7.35131
    endloop
  endfacet
  facet normal -0.975919 0 -0.218131
    outer loop
      vertex -14.5177 2 7.78738
      vertex -14.5314 7.9 7.84869
      vertex -14.5177 7.9 7.78738
    endloop
  endfacet
  facet normal -0.975919 -0 -0.218131
    outer loop
      vertex -14.5314 7.9 7.84869
      vertex -14.5177 2 7.78738
      vertex -14.5314 2 7.84869
    endloop
  endfacet
  facet normal -0.82708 0 -0.562084
    outer loop
      vertex -14.6557 2 8.13583
      vertex -14.691 7.9 8.18779
      vertex -14.6557 7.9 8.13583
    endloop
  endfacet
  facet normal -0.82708 -0 -0.562084
    outer loop
      vertex -14.691 7.9 8.18779
      vertex -14.6557 2 8.13583
      vertex -14.691 2 8.18779
    endloop
  endfacet
  facet normal -0.891013 0 -0.453977
    outer loop
      vertex -14.5952 2 8.02578
      vertex -14.6237 7.9 8.08175
      vertex -14.5952 7.9 8.02578
    endloop
  endfacet
  facet normal -0.891013 -0 -0.453977
    outer loop
      vertex -14.6237 7.9 8.08175
      vertex -14.5952 2 8.02578
      vertex -14.6237 2 8.08175
    endloop
  endfacet
  facet normal -0.612906 0 -0.790156
    outer loop
      vertex -14.9122 2 8.40902
      vertex -14.8626 7.9 8.37051
      vertex -14.8626 2 8.37051
    endloop
  endfacet
  facet normal -0.612906 0 -0.790156
    outer loop
      vertex -14.8626 7.9 8.37051
      vertex -14.9122 2 8.40902
      vertex -14.9122 7.9 8.40902
    endloop
  endfacet
  facet normal 0.975916 0 -0.218145
    outer loop
      vertex -16.4686 2 7.84869
      vertex -16.4823 7.9 7.78738
      vertex -16.4686 7.9 7.84869
    endloop
  endfacet
  facet normal 0.975916 0 -0.218145
    outer loop
      vertex -16.4823 7.9 7.78738
      vertex -16.4686 2 7.84869
      vertex -16.4823 2 7.78738
    endloop
  endfacet
  facet normal 0.827094 0 -0.562063
    outer loop
      vertex -16.309 2 8.18779
      vertex -16.3443 7.9 8.13583
      vertex -16.309 7.9 8.18779
    endloop
  endfacet
  facet normal 0.827094 0 -0.562063
    outer loop
      vertex -16.3443 7.9 8.13583
      vertex -16.309 2 8.18779
      vertex -16.3443 2 8.13583
    endloop
  endfacet
  facet normal 0.94087 0 -0.338767
    outer loop
      vertex -16.4298 2 7.96812
      vertex -16.4511 7.9 7.90902
      vertex -16.4298 7.9 7.96812
    endloop
  endfacet
  facet normal 0.94087 0 -0.338767
    outer loop
      vertex -16.4511 7.9 7.90902
      vertex -16.4298 2 7.96812
      vertex -16.4511 2 7.90902
    endloop
  endfacet
  facet normal 0.50903 0 -0.860749
    outer loop
      vertex -16.0358 2 8.44433
      vertex -16 7.9 8.46552
      vertex -16 2 8.46552
    endloop
  endfacet
  facet normal 0.50903 0 -0.860749
    outer loop
      vertex -16 7.9 8.46552
      vertex -16.0358 2 8.44433
      vertex -16.0358 7.9 8.44433
    endloop
  endfacet
  facet normal -0.995562 0 0.0941049
    outer loop
      vertex -14.5079 2 7.47467
      vertex -14.502 7.9 7.53721
      vertex -14.5079 7.9 7.47467
    endloop
  endfacet
  facet normal -0.995562 0 0.0941049
    outer loop
      vertex -14.502 7.9 7.53721
      vertex -14.5079 2 7.47467
      vertex -14.502 2 7.53721
    endloop
  endfacet
  facet normal -0.790156 0 0.612906
    outer loop
      vertex -14.7295 2 6.96258
      vertex -14.691 7.9 7.01221
      vertex -14.7295 7.9 6.96258
    endloop
  endfacet
  facet normal -0.790156 0 0.612906
    outer loop
      vertex -14.691 7.9 7.01221
      vertex -14.7295 2 6.96258
      vertex -14.691 2 7.01221
    endloop
  endfacet
  facet normal 0.707107 -0 0.707107
    outer loop
      vertex -16.229 2 6.91545
      vertex -16.1845 7.9 6.87103
      vertex -16.229 7.9 6.91545
    endloop
  endfacet
  facet normal 0.707107 0 0.707107
    outer loop
      vertex -16.1845 7.9 6.87103
      vertex -16.229 2 6.91545
      vertex -16.1845 2 6.87103
    endloop
  endfacet
  facet normal -0.0941049 0 0.995562
    outer loop
      vertex -15.4372 7.9 6.60197
      vertex -15.3747 2 6.60788
      vertex -15.3747 7.9 6.60788
    endloop
  endfacet
  facet normal -0.0941049 0 0.995562
    outer loop
      vertex -15.3747 2 6.60788
      vertex -15.4372 7.9 6.60197
      vertex -15.4372 2 6.60197
    endloop
  endfacet
  facet normal -0.94088 0 -0.33874
    outer loop
      vertex -14.5489 2 7.90902
      vertex -14.5702 7.9 7.96812
      vertex -14.5489 7.9 7.90902
    endloop
  endfacet
  facet normal -0.94088 -0 -0.33874
    outer loop
      vertex -14.5702 7.9 7.96812
      vertex -14.5489 2 7.90902
      vertex -14.5702 2 7.96812
    endloop
  endfacet
  facet normal -0.960293 0 -0.278993
    outer loop
      vertex -14.5314 2 7.84869
      vertex -14.5489 7.9 7.90902
      vertex -14.5314 7.9 7.84869
    endloop
  endfacet
  facet normal -0.960293 -0 -0.278993
    outer loop
      vertex -14.5489 7.9 7.90902
      vertex -14.5314 2 7.84869
      vertex -14.5489 2 7.90902
    endloop
  endfacet
  facet normal -0.790156 0 -0.612906
    outer loop
      vertex -14.691 2 8.18779
      vertex -14.7295 7.9 8.23742
      vertex -14.691 7.9 8.18779
    endloop
  endfacet
  facet normal -0.790156 -0 -0.612906
    outer loop
      vertex -14.7295 7.9 8.23742
      vertex -14.691 2 8.18779
      vertex -14.7295 2 8.23742
    endloop
  endfacet
  facet normal -0.750115 0 -0.661307
    outer loop
      vertex -14.7295 2 8.23742
      vertex -14.771 7.9 8.28455
      vertex -14.7295 7.9 8.23742
    endloop
  endfacet
  facet normal -0.750115 -0 -0.661307
    outer loop
      vertex -14.771 7.9 8.28455
      vertex -14.7295 2 8.23742
      vertex -14.771 2 8.28455
    endloop
  endfacet
  facet normal -0.509047 0 -0.860739
    outer loop
      vertex -15 2 8.46552
      vertex -14.9642 7.9 8.44433
      vertex -14.9642 2 8.44433
    endloop
  endfacet
  facet normal -0.509047 0 -0.860739
    outer loop
      vertex -14.9642 7.9 8.44433
      vertex -15 2 8.46552
      vertex -15 7.9 8.46552
    endloop
  endfacet
  facet normal -0.661307 0 -0.750115
    outer loop
      vertex -14.8626 2 8.37051
      vertex -14.8155 7.9 8.32897
      vertex -14.8155 2 8.32897
    endloop
  endfacet
  facet normal -0.661307 0 -0.750115
    outer loop
      vertex -14.8155 7.9 8.32897
      vertex -14.8626 2 8.37051
      vertex -14.8626 7.9 8.37051
    endloop
  endfacet
  facet normal 0.987686 0 -0.156452
    outer loop
      vertex -16.4823 2 7.78738
      vertex -16.4921 7.9 7.72533
      vertex -16.4823 7.9 7.78738
    endloop
  endfacet
  facet normal 0.987686 0 -0.156452
    outer loop
      vertex -16.4921 7.9 7.72533
      vertex -16.4823 2 7.78738
      vertex -16.4921 2 7.72533
    endloop
  endfacet
  facet normal 0.75013 0 -0.66129
    outer loop
      vertex -16.229 2 8.28455
      vertex -16.2705 7.9 8.23742
      vertex -16.229 7.9 8.28455
    endloop
  endfacet
  facet normal 0.75013 0 -0.66129
    outer loop
      vertex -16.2705 7.9 8.23742
      vertex -16.229 2 8.28455
      vertex -16.2705 2 8.23742
    endloop
  endfacet
  facet normal 0.790141 0 -0.612925
    outer loop
      vertex -16.2705 2 8.23742
      vertex -16.309 7.9 8.18779
      vertex -16.2705 7.9 8.23742
    endloop
  endfacet
  facet normal 0.790141 0 -0.612925
    outer loop
      vertex -16.309 7.9 8.18779
      vertex -16.2705 2 8.23742
      vertex -16.309 2 8.18779
    endloop
  endfacet
  facet normal 0.860731 0 -0.509061
    outer loop
      vertex -16.3443 2 8.13583
      vertex -16.3763 7.9 8.08175
      vertex -16.3443 7.9 8.13583
    endloop
  endfacet
  facet normal 0.860731 0 -0.509061
    outer loop
      vertex -16.3763 7.9 8.08175
      vertex -16.3443 2 8.13583
      vertex -16.3763 2 8.08175
    endloop
  endfacet
  facet normal 0.960301 0 -0.278965
    outer loop
      vertex -16.4511 2 7.90902
      vertex -16.4686 7.9 7.84869
      vertex -16.4511 7.9 7.90902
    endloop
  endfacet
  facet normal 0.960301 0 -0.278965
    outer loop
      vertex -16.4686 7.9 7.84869
      vertex -16.4511 2 7.90902
      vertex -16.4686 2 7.84869
    endloop
  endfacet
  facet normal 0.562098 0 -0.82707
    outer loop
      vertex -16.0878 2 8.40902
      vertex -16.0358 7.9 8.44433
      vertex -16.0358 2 8.44433
    endloop
  endfacet
  facet normal 0.562098 0 -0.82707
    outer loop
      vertex -16.0358 7.9 8.44433
      vertex -16.0878 2 8.40902
      vertex -16.0878 7.9 8.40902
    endloop
  endfacet
  facet normal -0.999507 0 0.0314087
    outer loop
      vertex -14.502 2 7.53721
      vertex -14.5 7.9 7.6
      vertex -14.502 7.9 7.53721
    endloop
  endfacet
  facet normal -0.999507 0 0.0314087
    outer loop
      vertex -14.5 7.9 7.6
      vertex -14.502 2 7.53721
      vertex -14.5 2 7.6
    endloop
  endfacet
  facet normal -0.891013 0 0.453977
    outer loop
      vertex -14.6237 2 7.11825
      vertex -14.5952 7.9 7.17422
      vertex -14.6237 7.9 7.11825
    endloop
  endfacet
  facet normal -0.891013 0 0.453977
    outer loop
      vertex -14.5952 7.9 7.17422
      vertex -14.6237 2 7.11825
      vertex -14.5952 2 7.17422
    endloop
  endfacet
  facet normal -0.750115 0 0.661307
    outer loop
      vertex -14.771 2 6.91545
      vertex -14.7295 7.9 6.96258
      vertex -14.771 7.9 6.91545
    endloop
  endfacet
  facet normal -0.750115 0 0.661307
    outer loop
      vertex -14.7295 7.9 6.96258
      vertex -14.771 2 6.91545
      vertex -14.7295 2 6.96258
    endloop
  endfacet
  facet normal -0.453977 0 0.891013
    outer loop
      vertex -15.0742 7.9 6.69517
      vertex -15.0182 2 6.72369
      vertex -15.0182 7.9 6.72369
    endloop
  endfacet
  facet normal -0.453977 0 0.891013
    outer loop
      vertex -15.0182 2 6.72369
      vertex -15.0742 7.9 6.69517
      vertex -15.0742 2 6.69517
    endloop
  endfacet
  facet normal -0.562084 0 0.82708
    outer loop
      vertex -14.9642 7.9 6.75567
      vertex -14.9122 2 6.79098
      vertex -14.9122 7.9 6.79098
    endloop
  endfacet
  facet normal -0.562084 0 0.82708
    outer loop
      vertex -14.9122 2 6.79098
      vertex -14.9642 7.9 6.75567
      vertex -14.9642 2 6.75567
    endloop
  endfacet
  facet normal 0.33874 0 0.94088
    outer loop
      vertex -15.8681 7.9 6.67022
      vertex -15.809 2 6.64894
      vertex -15.809 7.9 6.64894
    endloop
  endfacet
  facet normal 0.33874 0 0.94088
    outer loop
      vertex -15.809 2 6.64894
      vertex -15.8681 7.9 6.67022
      vertex -15.8681 2 6.67022
    endloop
  endfacet
  facet normal 0.975916 -0 0.218145
    outer loop
      vertex -16.4823 2 7.41262
      vertex -16.4686 7.9 7.35131
      vertex -16.4823 7.9 7.41262
    endloop
  endfacet
  facet normal 0.975916 0 0.218145
    outer loop
      vertex -16.4686 7.9 7.35131
      vertex -16.4823 2 7.41262
      vertex -16.4686 2 7.35131
    endloop
  endfacet
  facet normal 0.987686 -0 0.156452
    outer loop
      vertex -16.4921 2 7.47467
      vertex -16.4823 7.9 7.41262
      vertex -16.4921 7.9 7.47467
    endloop
  endfacet
  facet normal 0.987686 0 0.156452
    outer loop
      vertex -16.4823 7.9 7.41262
      vertex -16.4921 2 7.47467
      vertex -16.4823 2 7.41262
    endloop
  endfacet
  facet normal -0.218131 0 0.975919
    outer loop
      vertex -15.3126 7.9 6.61771
      vertex -15.2513 2 6.63142
      vertex -15.2513 7.9 6.63142
    endloop
  endfacet
  facet normal -0.218131 0 0.975919
    outer loop
      vertex -15.2513 2 6.63142
      vertex -15.3126 7.9 6.61771
      vertex -15.3126 2 6.61771
    endloop
  endfacet
  facet normal -0.0314087 0 0.999507
    outer loop
      vertex -15.5 7.9 6.6
      vertex -15.4372 2 6.60197
      vertex -15.4372 7.9 6.60197
    endloop
  endfacet
  facet normal -0.0314087 0 0.999507
    outer loop
      vertex -15.4372 2 6.60197
      vertex -15.5 7.9 6.6
      vertex -15.5 2 6.6
    endloop
  endfacet
  facet normal -0.278993 0 0.960293
    outer loop
      vertex -15.2513 7.9 6.63142
      vertex -15.191 2 6.64894
      vertex -15.191 7.9 6.64894
    endloop
  endfacet
  facet normal -0.278993 0 0.960293
    outer loop
      vertex -15.191 2 6.64894
      vertex -15.2513 7.9 6.63142
      vertex -15.2513 2 6.63142
    endloop
  endfacet
  facet normal -0.397158 0 0.91775
    outer loop
      vertex -15.1319 7.9 6.67022
      vertex -15.0742 2 6.69517
      vertex -15.0742 7.9 6.69517
    endloop
  endfacet
  facet normal -0.397158 0 0.91775
    outer loop
      vertex -15.0742 2 6.69517
      vertex -15.1319 7.9 6.67022
      vertex -15.1319 2 6.67022
    endloop
  endfacet
  facet normal -0.987688 0 -0.156437
    outer loop
      vertex -14.5079 2 7.72533
      vertex -14.5177 7.9 7.78738
      vertex -14.5079 7.9 7.72533
    endloop
  endfacet
  facet normal -0.987688 -0 -0.156437
    outer loop
      vertex -14.5177 7.9 7.78738
      vertex -14.5079 2 7.72533
      vertex -14.5177 2 7.78738
    endloop
  endfacet
  facet normal -0.860737 0 -0.509049
    outer loop
      vertex -14.6237 2 8.08175
      vertex -14.6557 7.9 8.13583
      vertex -14.6237 7.9 8.08175
    endloop
  endfacet
  facet normal -0.860737 -0 -0.509049
    outer loop
      vertex -14.6557 7.9 8.13583
      vertex -14.6237 2 8.08175
      vertex -14.6557 2 8.13583
    endloop
  endfacet
  facet normal 0.891007 0 -0.453989
    outer loop
      vertex -16.3763 2 8.08175
      vertex -16.4048 7.9 8.02578
      vertex -16.3763 7.9 8.08175
    endloop
  endfacet
  facet normal 0.891007 0 -0.453989
    outer loop
      vertex -16.4048 7.9 8.02578
      vertex -16.3763 2 8.08175
      vertex -16.4048 2 8.02578
    endloop
  endfacet
  facet normal 0.995564 0 -0.0940898
    outer loop
      vertex -16.4921 2 7.72533
      vertex -16.498 7.9 7.66279
      vertex -16.4921 7.9 7.72533
    endloop
  endfacet
  facet normal 0.995564 0 -0.0940898
    outer loop
      vertex -16.498 7.9 7.66279
      vertex -16.4921 2 7.72533
      vertex -16.498 2 7.66279
    endloop
  endfacet
  facet normal 0.612891 0 -0.790167
    outer loop
      vertex -16.1374 2 8.37051
      vertex -16.0878 7.9 8.40902
      vertex -16.0878 2 8.40902
    endloop
  endfacet
  facet normal 0.612891 0 -0.790167
    outer loop
      vertex -16.0878 7.9 8.40902
      vertex -16.1374 2 8.37051
      vertex -16.1374 7.9 8.37051
    endloop
  endfacet
  facet normal -0.94088 0 0.33874
    outer loop
      vertex -14.5702 2 7.23187
      vertex -14.5489 7.9 7.29098
      vertex -14.5702 7.9 7.23187
    endloop
  endfacet
  facet normal -0.94088 0 0.33874
    outer loop
      vertex -14.5489 7.9 7.29098
      vertex -14.5702 2 7.23187
      vertex -14.5489 2 7.29098
    endloop
  endfacet
  facet normal -0.91775 0 0.397158
    outer loop
      vertex -14.5952 2 7.17422
      vertex -14.5702 7.9 7.23187
      vertex -14.5952 7.9 7.17422
    endloop
  endfacet
  facet normal -0.91775 0 0.397158
    outer loop
      vertex -14.5702 7.9 7.23187
      vertex -14.5952 2 7.17422
      vertex -14.5702 2 7.23187
    endloop
  endfacet
  facet normal -0.707107 0 0.707107
    outer loop
      vertex -14.8155 2 6.87103
      vertex -14.771 7.9 6.91545
      vertex -14.8155 7.9 6.87103
    endloop
  endfacet
  facet normal -0.707107 0 0.707107
    outer loop
      vertex -14.771 7.9 6.91545
      vertex -14.8155 2 6.87103
      vertex -14.771 2 6.91545
    endloop
  endfacet
  facet normal 0.827094 -0 0.562063
    outer loop
      vertex -16.3443 2 7.06417
      vertex -16.309 7.9 7.01221
      vertex -16.3443 7.9 7.06417
    endloop
  endfacet
  facet normal 0.827094 0 0.562063
    outer loop
      vertex -16.309 7.9 7.01221
      vertex -16.3443 2 7.06417
      vertex -16.309 2 7.01221
    endloop
  endfacet
  facet normal 0.917761 -0 0.397132
    outer loop
      vertex -16.4298 2 7.23187
      vertex -16.4048 7.9 7.17422
      vertex -16.4298 7.9 7.23187
    endloop
  endfacet
  facet normal 0.917761 0 0.397132
    outer loop
      vertex -16.4048 7.9 7.17422
      vertex -16.4298 2 7.23187
      vertex -16.4048 2 7.17422
    endloop
  endfacet
  facet normal 0.960301 -0 0.278965
    outer loop
      vertex -16.4686 2 7.35131
      vertex -16.4511 7.9 7.29098
      vertex -16.4686 7.9 7.35131
    endloop
  endfacet
  facet normal 0.960301 0 0.278965
    outer loop
      vertex -16.4511 7.9 7.29098
      vertex -16.4686 2 7.35131
      vertex -16.4511 2 7.29098
    endloop
  endfacet
  facet normal 0.94087 -0 0.338767
    outer loop
      vertex -16.4511 2 7.29098
      vertex -16.4298 7.9 7.23187
      vertex -16.4511 7.9 7.29098
    endloop
  endfacet
  facet normal 0.94087 0 0.338767
    outer loop
      vertex -16.4298 7.9 7.23187
      vertex -16.4511 2 7.29098
      vertex -16.4298 2 7.23187
    endloop
  endfacet
  facet normal 0.995564 -0 0.0940898
    outer loop
      vertex -16.498 2 7.53721
      vertex -16.4921 7.9 7.47467
      vertex -16.498 7.9 7.53721
    endloop
  endfacet
  facet normal 0.995564 0 0.0940898
    outer loop
      vertex -16.4921 7.9 7.47467
      vertex -16.498 2 7.53721
      vertex -16.4921 2 7.47467
    endloop
  endfacet
  facet normal 0.999506 -0 0.0314239
    outer loop
      vertex -16.5 2 7.6
      vertex -16.498 7.9 7.53721
      vertex -16.5 7.9 7.6
    endloop
  endfacet
  facet normal 0.999506 0 0.0314239
    outer loop
      vertex -16.498 7.9 7.53721
      vertex -16.5 2 7.6
      vertex -16.498 2 7.53721
    endloop
  endfacet
  facet normal -0.33874 0 0.94088
    outer loop
      vertex -15.191 7.9 6.64894
      vertex -15.1319 2 6.67022
      vertex -15.1319 7.9 6.67022
    endloop
  endfacet
  facet normal -0.33874 0 0.94088
    outer loop
      vertex -15.1319 2 6.67022
      vertex -15.191 7.9 6.64894
      vertex -15.191 2 6.64894
    endloop
  endfacet
  facet normal -0.156437 0 0.987688
    outer loop
      vertex -15.3747 7.9 6.60788
      vertex -15.3126 2 6.61771
      vertex -15.3126 7.9 6.61771
    endloop
  endfacet
  facet normal -0.156437 0 0.987688
    outer loop
      vertex -15.3126 2 6.61771
      vertex -15.3747 7.9 6.60788
      vertex -15.3747 2 6.60788
    endloop
  endfacet
  facet normal -0.975919 0 0.218131
    outer loop
      vertex -14.5314 2 7.35131
      vertex -14.5177 7.9 7.41262
      vertex -14.5314 7.9 7.35131
    endloop
  endfacet
  facet normal -0.975919 0 0.218131
    outer loop
      vertex -14.5177 7.9 7.41262
      vertex -14.5314 2 7.35131
      vertex -14.5177 2 7.41262
    endloop
  endfacet
  facet normal -0.987688 0 0.156437
    outer loop
      vertex -14.5177 2 7.41262
      vertex -14.5079 7.9 7.47467
      vertex -14.5177 7.9 7.41262
    endloop
  endfacet
  facet normal -0.987688 0 0.156437
    outer loop
      vertex -14.5079 7.9 7.47467
      vertex -14.5177 2 7.41262
      vertex -14.5079 2 7.47467
    endloop
  endfacet
  facet normal -0.612906 0 0.790156
    outer loop
      vertex -14.9122 7.9 6.79098
      vertex -14.8626 2 6.82949
      vertex -14.8626 7.9 6.82949
    endloop
  endfacet
  facet normal -0.612906 0 0.790156
    outer loop
      vertex -14.8626 2 6.82949
      vertex -14.9122 7.9 6.79098
      vertex -14.9122 2 6.79098
    endloop
  endfacet
  facet normal -0.509049 0 0.860737
    outer loop
      vertex -15.0182 7.9 6.72369
      vertex -14.9642 2 6.75567
      vertex -14.9642 7.9 6.75567
    endloop
  endfacet
  facet normal -0.509049 0 0.860737
    outer loop
      vertex -14.9642 2 6.75567
      vertex -15.0182 7.9 6.72369
      vertex -15.0182 2 6.72369
    endloop
  endfacet
  facet normal 0.0314092 0 0.999507
    outer loop
      vertex -15.5628 7.9 6.60197
      vertex -15.5 2 6.6
      vertex -15.5 7.9 6.6
    endloop
  endfacet
  facet normal 0.0314092 0 0.999507
    outer loop
      vertex -15.5 2 6.6
      vertex -15.5628 7.9 6.60197
      vertex -15.5628 2 6.60197
    endloop
  endfacet
  facet normal 0.278993 0 0.960293
    outer loop
      vertex -15.809 7.9 6.64894
      vertex -15.7487 2 6.63142
      vertex -15.7487 7.9 6.63142
    endloop
  endfacet
  facet normal 0.278993 0 0.960293
    outer loop
      vertex -15.7487 2 6.63142
      vertex -15.809 7.9 6.64894
      vertex -15.809 2 6.64894
    endloop
  endfacet
  facet normal 0.860731 -0 0.509061
    outer loop
      vertex -16.3763 2 7.11825
      vertex -16.3443 7.9 7.06417
      vertex -16.3763 7.9 7.11825
    endloop
  endfacet
  facet normal 0.860731 0 0.509061
    outer loop
      vertex -16.3443 7.9 7.06417
      vertex -16.3763 2 7.11825
      vertex -16.3443 2 7.06417
    endloop
  endfacet
  facet normal -0.82708 0 0.562084
    outer loop
      vertex -14.691 2 7.01221
      vertex -14.6557 7.9 7.06417
      vertex -14.691 7.9 7.01221
    endloop
  endfacet
  facet normal -0.82708 0 0.562084
    outer loop
      vertex -14.6557 7.9 7.06417
      vertex -14.691 2 7.01221
      vertex -14.6557 2 7.06417
    endloop
  endfacet
  facet normal -0.860737 0 0.509049
    outer loop
      vertex -14.6557 2 7.06417
      vertex -14.6237 7.9 7.11825
      vertex -14.6557 7.9 7.06417
    endloop
  endfacet
  facet normal -0.860737 0 0.509049
    outer loop
      vertex -14.6237 7.9 7.11825
      vertex -14.6557 2 7.06417
      vertex -14.6237 2 7.11825
    endloop
  endfacet
  facet normal 0.0941049 0 0.995562
    outer loop
      vertex -15.6253 7.9 6.60788
      vertex -15.5628 2 6.60197
      vertex -15.5628 7.9 6.60197
    endloop
  endfacet
  facet normal 0.0941049 0 0.995562
    outer loop
      vertex -15.5628 2 6.60197
      vertex -15.6253 7.9 6.60788
      vertex -15.6253 2 6.60788
    endloop
  endfacet
  facet normal 0.661307 0 0.750115
    outer loop
      vertex -16.1845 7.9 6.87103
      vertex -16.1374 2 6.82949
      vertex -16.1374 7.9 6.82949
    endloop
  endfacet
  facet normal 0.661307 0 0.750115
    outer loop
      vertex -16.1374 2 6.82949
      vertex -16.1845 7.9 6.87103
      vertex -16.1845 2 6.87103
    endloop
  endfacet
  facet normal 0.509043 0 0.860741
    outer loop
      vertex -16.0358 7.9 6.75567
      vertex -15.9818 2 6.72369
      vertex -15.9818 7.9 6.72369
    endloop
  endfacet
  facet normal 0.509043 0 0.860741
    outer loop
      vertex -15.9818 2 6.72369
      vertex -16.0358 7.9 6.75567
      vertex -16.0358 2 6.75567
    endloop
  endfacet
  facet normal 0.612891 0 0.790167
    outer loop
      vertex -16.1374 7.9 6.82949
      vertex -16.0878 2 6.79098
      vertex -16.0878 7.9 6.79098
    endloop
  endfacet
  facet normal 0.612891 0 0.790167
    outer loop
      vertex -16.0878 2 6.79098
      vertex -16.1374 7.9 6.82949
      vertex -16.1374 2 6.82949
    endloop
  endfacet
  facet normal 0.891007 -0 0.453989
    outer loop
      vertex -16.4048 2 7.17422
      vertex -16.3763 7.9 7.11825
      vertex -16.4048 7.9 7.17422
    endloop
  endfacet
  facet normal 0.891007 0 0.453989
    outer loop
      vertex -16.3763 7.9 7.11825
      vertex -16.4048 2 7.17422
      vertex -16.3763 2 7.11825
    endloop
  endfacet
  facet normal 0.790141 -0 0.612925
    outer loop
      vertex -16.309 2 7.01221
      vertex -16.2705 7.9 6.96258
      vertex -16.309 7.9 7.01221
    endloop
  endfacet
  facet normal 0.790141 0 0.612925
    outer loop
      vertex -16.2705 7.9 6.96258
      vertex -16.309 2 7.01221
      vertex -16.2705 2 6.96258
    endloop
  endfacet
  facet normal 0.75013 -0 0.66129
    outer loop
      vertex -16.2705 2 6.96258
      vertex -16.229 7.9 6.91545
      vertex -16.2705 7.9 6.96258
    endloop
  endfacet
  facet normal 0.75013 0 0.66129
    outer loop
      vertex -16.229 7.9 6.91545
      vertex -16.2705 2 6.96258
      vertex -16.229 2 6.91545
    endloop
  endfacet
  facet normal -0.661307 0 0.750115
    outer loop
      vertex -14.8626 7.9 6.82949
      vertex -14.8155 2 6.87103
      vertex -14.8155 7.9 6.87103
    endloop
  endfacet
  facet normal -0.661307 0 0.750115
    outer loop
      vertex -14.8155 2 6.87103
      vertex -14.8626 7.9 6.82949
      vertex -14.8626 2 6.82949
    endloop
  endfacet
  facet normal 0.453977 0 0.891013
    outer loop
      vertex -15.9818 7.9 6.72369
      vertex -15.9258 2 6.69517
      vertex -15.9258 7.9 6.69517
    endloop
  endfacet
  facet normal 0.453977 0 0.891013
    outer loop
      vertex -15.9258 2 6.69517
      vertex -15.9818 7.9 6.72369
      vertex -15.9818 2 6.72369
    endloop
  endfacet
  facet normal 0.562098 0 0.82707
    outer loop
      vertex -16.0878 7.9 6.79098
      vertex -16.0358 2 6.75567
      vertex -16.0358 7.9 6.75567
    endloop
  endfacet
  facet normal 0.562098 0 0.82707
    outer loop
      vertex -16.0358 2 6.75567
      vertex -16.0878 7.9 6.79098
      vertex -16.0878 2 6.79098
    endloop
  endfacet
  facet normal 0.218131 0 0.975919
    outer loop
      vertex -15.7487 7.9 6.63142
      vertex -15.6874 2 6.61771
      vertex -15.6874 7.9 6.61771
    endloop
  endfacet
  facet normal 0.218131 0 0.975919
    outer loop
      vertex -15.6874 2 6.61771
      vertex -15.7487 7.9 6.63142
      vertex -15.7487 2 6.63142
    endloop
  endfacet
  facet normal 0.156437 0 0.987688
    outer loop
      vertex -15.6874 7.9 6.61771
      vertex -15.6253 2 6.60788
      vertex -15.6253 7.9 6.60788
    endloop
  endfacet
  facet normal 0.156437 0 0.987688
    outer loop
      vertex -15.6253 2 6.60788
      vertex -15.6874 7.9 6.61771
      vertex -15.6874 2 6.61771
    endloop
  endfacet
  facet normal 0.397158 0 0.91775
    outer loop
      vertex -15.9258 7.9 6.69517
      vertex -15.8681 2 6.67022
      vertex -15.8681 7.9 6.67022
    endloop
  endfacet
  facet normal 0.397158 0 0.91775
    outer loop
      vertex -15.8681 2 6.67022
      vertex -15.9258 7.9 6.69517
      vertex -15.9258 2 6.69517
    endloop
  endfacet
  facet normal 0.999507 -0 0.0314061
    outer loop
      vertex -11.7525 2 19.1785
      vertex -11.75 8 19.1
      vertex -11.7525 8 19.1785
    endloop
  endfacet
  facet normal 0.999507 0 0.0314061
    outer loop
      vertex -11.75 8 19.1
      vertex -11.7525 2 19.1785
      vertex -11.75 2 19.1
    endloop
  endfacet
  facet normal 0.995562 -0 0.0941082
    outer loop
      vertex -11.7599 2 19.2567
      vertex -11.7525 8 19.1785
      vertex -11.7599 8 19.2567
    endloop
  endfacet
  facet normal 0.995562 0 0.0941082
    outer loop
      vertex -11.7525 8 19.1785
      vertex -11.7599 2 19.2567
      vertex -11.7525 2 19.1785
    endloop
  endfacet
  facet normal -0.999506 0 0.0314183
    outer loop
      vertex -14.25 7.9 19.1
      vertex -14.2475 8 19.1785
      vertex -14.25 8 19.1
    endloop
  endfacet
  facet normal -0.999506 0 0.0314183
    outer loop
      vertex -14.2475 8 19.1785
      vertex -14.25 7.9 19.1
      vertex -14.2475 7.9 19.1785
    endloop
  endfacet
  facet normal 0.03143 0 0.999506
    outer loop
      vertex -13 8 20.35
      vertex -12.9215 2 20.3475
      vertex -12.9215 8 20.3475
    endloop
  endfacet
  facet normal 0.03143 0 0.999506
    outer loop
      vertex -12.9215 2 20.3475
      vertex -13 8 20.35
      vertex -13 2 20.35
    endloop
  endfacet
  facet normal -0.661318 0 0.750106
    outer loop
      vertex -13.8557 8 20.0112
      vertex -13.7968 7.9 20.0631
      vertex -13.7968 8 20.0631
    endloop
  endfacet
  facet normal -0.661318 0 0.750106
    outer loop
      vertex -13.7968 7.9 20.0631
      vertex -13.8557 8 20.0112
      vertex -13.8557 7.9 20.0112
    endloop
  endfacet
  facet normal -0.338734 0 0.940882
    outer loop
      vertex -13.4602 8 20.2622
      vertex -13.3863 2 20.2888
      vertex -13.3863 8 20.2888
    endloop
  endfacet
  facet normal -0.338734 0 0.940882
    outer loop
      vertex -13.3863 2 20.2888
      vertex -13.4602 8 20.2622
      vertex -13.4602 2 20.2622
    endloop
  endfacet
  facet normal 0.917751 -0 0.397156
    outer loop
      vertex -11.869 2 19.6322
      vertex -11.8378 8 19.5602
      vertex -11.869 8 19.6322
    endloop
  endfacet
  facet normal 0.917751 0 0.397156
    outer loop
      vertex -11.8378 8 19.5602
      vertex -11.869 2 19.6322
      vertex -11.8378 2 19.5602
    endloop
  endfacet
  facet normal -0.917751 0 0.397156
    outer loop
      vertex -14.1622 7.9 19.5602
      vertex -14.131 8 19.6322
      vertex -14.1622 8 19.5602
    endloop
  endfacet
  facet normal -0.917751 0 0.397156
    outer loop
      vertex -14.131 8 19.6322
      vertex -14.1622 7.9 19.5602
      vertex -14.131 7.9 19.6322
    endloop
  endfacet
  facet normal -0.707107 0 0.707107
    outer loop
      vertex -13.9112 7.9 19.9557
      vertex -13.8557 8 20.0112
      vertex -13.9112 8 19.9557
    endloop
  endfacet
  facet normal -0.707107 0 0.707107
    outer loop
      vertex -13.8557 8 20.0112
      vertex -13.9112 7.9 19.9557
      vertex -13.8557 7.9 20.0112
    endloop
  endfacet
  facet normal -0.156445 0 0.987687
    outer loop
      vertex -13.2342 8 20.3279
      vertex -13.1567 2 20.3401
      vertex -13.1567 8 20.3401
    endloop
  endfacet
  facet normal -0.156445 0 0.987687
    outer loop
      vertex -13.1567 2 20.3401
      vertex -13.2342 8 20.3279
      vertex -13.2342 2 20.3279
    endloop
  endfacet
  facet normal 0.960292 0 -0.278996
    outer loop
      vertex -11.7893 2 18.7891
      vertex -11.8112 8 18.7137
      vertex -11.7893 8 18.7891
    endloop
  endfacet
  facet normal 0.960292 0 -0.278996
    outer loop
      vertex -11.8112 8 18.7137
      vertex -11.7893 2 18.7891
      vertex -11.8112 2 18.7137
    endloop
  endfacet
  facet normal 0.278985 0 -0.960295
    outer loop
      vertex -12.6891 7.9 17.8893
      vertex -12.6137 8 17.9112
      vertex -12.6137 7.9 17.9112
    endloop
  endfacet
  facet normal 0.278985 0 -0.960295
    outer loop
      vertex -12.6137 8 17.9112
      vertex -12.6891 7.9 17.8893
      vertex -12.6891 8 17.8893
    endloop
  endfacet
  facet normal 0.975917 -0 0.218142
    outer loop
      vertex -11.7893 2 19.4109
      vertex -11.7721 8 19.3342
      vertex -11.7893 8 19.4109
    endloop
  endfacet
  facet normal 0.975917 0 0.218142
    outer loop
      vertex -11.7721 8 19.3342
      vertex -11.7893 2 19.4109
      vertex -11.7721 2 19.3342
    endloop
  endfacet
  facet normal 0.827075 -0 0.562091
    outer loop
      vertex -11.9887 2 19.8347
      vertex -11.9446 8 19.7698
      vertex -11.9887 8 19.8347
    endloop
  endfacet
  facet normal 0.827075 0 0.562091
    outer loop
      vertex -11.9446 8 19.7698
      vertex -11.9887 2 19.8347
      vertex -11.9446 2 19.7698
    endloop
  endfacet
  facet normal 0.891011 -0 0.453982
    outer loop
      vertex -11.9046 2 19.7022
      vertex -11.869 8 19.6322
      vertex -11.9046 8 19.7022
    endloop
  endfacet
  facet normal 0.891011 0 0.453982
    outer loop
      vertex -11.869 8 19.6322
      vertex -11.9046 2 19.7022
      vertex -11.869 2 19.6322
    endloop
  endfacet
  facet normal 0.218142 0 0.975917
    outer loop
      vertex -12.7658 8 20.3279
      vertex -12.6891 2 20.3107
      vertex -12.6891 8 20.3107
    endloop
  endfacet
  facet normal 0.218142 0 0.975917
    outer loop
      vertex -12.6891 2 20.3107
      vertex -12.7658 8 20.3279
      vertex -12.7658 2 20.3279
    endloop
  endfacet
  facet normal 0.338734 0 0.940882
    outer loop
      vertex -12.6137 8 20.2888
      vertex -12.5398 2 20.2622
      vertex -12.5398 8 20.2622
    endloop
  endfacet
  facet normal 0.338734 0 0.940882
    outer loop
      vertex -12.5398 2 20.2622
      vertex -12.6137 8 20.2888
      vertex -12.6137 2 20.2888
    endloop
  endfacet
  facet normal 0.661318 0 0.750106
    outer loop
      vertex -12.2032 8 20.0631
      vertex -12.1443 2 20.0112
      vertex -12.1443 8 20.0112
    endloop
  endfacet
  facet normal 0.661318 0 0.750106
    outer loop
      vertex -12.1443 2 20.0112
      vertex -12.2032 8 20.0631
      vertex -12.2032 2 20.0631
    endloop
  endfacet
  facet normal -0.975917 0 0.218142
    outer loop
      vertex -14.2279 7.9 19.3342
      vertex -14.2107 8 19.4109
      vertex -14.2279 8 19.3342
    endloop
  endfacet
  facet normal -0.975917 0 0.218142
    outer loop
      vertex -14.2107 8 19.4109
      vertex -14.2279 7.9 19.3342
      vertex -14.2107 7.9 19.4109
    endloop
  endfacet
  facet normal -0.940882 0 0.338734
    outer loop
      vertex -14.1888 7.9 19.4863
      vertex -14.1622 8 19.5602
      vertex -14.1888 8 19.4863
    endloop
  endfacet
  facet normal -0.940882 0 0.338734
    outer loop
      vertex -14.1622 8 19.5602
      vertex -14.1888 7.9 19.4863
      vertex -14.1622 7.9 19.5602
    endloop
  endfacet
  facet normal -0.509053 0 0.860735
    outer loop
      vertex -13.6698 8 20.1554
      vertex -13.6022 2 20.1954
      vertex -13.6022 8 20.1954
    endloop
  endfacet
  facet normal -0.509053 0 0.860735
    outer loop
      vertex -13.6022 2 20.1954
      vertex -13.6698 8 20.1554
      vertex -13.6698 2 20.1554
    endloop
  endfacet
  facet normal -0.397152 0 0.917753
    outer loop
      vertex -13.5322 8 20.231
      vertex -13.4602 2 20.2622
      vertex -13.4602 8 20.2622
    endloop
  endfacet
  facet normal -0.397152 0 0.917753
    outer loop
      vertex -13.4602 2 20.2622
      vertex -13.5322 8 20.231
      vertex -13.5322 2 20.231
    endloop
  endfacet
  facet normal -0.0940961 0 0.995563
    outer loop
      vertex -13.1567 8 20.3401
      vertex -13.0785 2 20.3475
      vertex -13.0785 8 20.3475
    endloop
  endfacet
  facet normal -0.0940961 0 0.995563
    outer loop
      vertex -13.0785 2 20.3475
      vertex -13.1567 8 20.3401
      vertex -13.1567 2 20.3401
    endloop
  endfacet
  facet normal 0.995562 0 -0.0941082
    outer loop
      vertex -11.7525 2 19.0215
      vertex -11.7599 8 18.9433
      vertex -11.7525 8 19.0215
    endloop
  endfacet
  facet normal 0.995562 0 -0.0941082
    outer loop
      vertex -11.7599 8 18.9433
      vertex -11.7525 2 19.0215
      vertex -11.7599 2 18.9433
    endloop
  endfacet
  facet normal 0.509053 0 -0.860735
    outer loop
      vertex -12.3978 2 18.0046
      vertex -12.3302 8 18.0446
      vertex -12.3302 2 18.0446
    endloop
  endfacet
  facet normal 0.509053 0 -0.860735
    outer loop
      vertex -12.3302 8 18.0446
      vertex -12.3978 2 18.0046
      vertex -12.3978 8 18.0046
    endloop
  endfacet
  facet normal -0.707107 0 -0.707107
    outer loop
      vertex -13.8557 7.9 18.1888
      vertex -13.9112 8 18.2443
      vertex -13.8557 8 18.1888
    endloop
  endfacet
  facet normal -0.707107 -0 -0.707107
    outer loop
      vertex -13.9112 8 18.2443
      vertex -13.8557 7.9 18.1888
      vertex -13.9112 7.9 18.2443
    endloop
  endfacet
  facet normal 0.0940961 0 -0.995563
    outer loop
      vertex -12.9215 7.9 17.8525
      vertex -12.8433 8 17.8599
      vertex -12.8433 7.9 17.8599
    endloop
  endfacet
  facet normal 0.0940961 0 -0.995563
    outer loop
      vertex -12.8433 8 17.8599
      vertex -12.9215 7.9 17.8525
      vertex -12.9215 8 17.8525
    endloop
  endfacet
  facet normal 0.940882 -0 0.338734
    outer loop
      vertex -11.8378 2 19.5602
      vertex -11.8112 8 19.4863
      vertex -11.8378 8 19.5602
    endloop
  endfacet
  facet normal 0.940882 0 0.338734
    outer loop
      vertex -11.8112 8 19.4863
      vertex -11.8378 2 19.5602
      vertex -11.8112 2 19.4863
    endloop
  endfacet
  facet normal 0.960292 -0 0.278996
    outer loop
      vertex -11.8112 2 19.4863
      vertex -11.7893 8 19.4109
      vertex -11.8112 8 19.4863
    endloop
  endfacet
  facet normal 0.960292 0 0.278996
    outer loop
      vertex -11.7893 8 19.4109
      vertex -11.8112 2 19.4863
      vertex -11.7893 2 19.4109
    endloop
  endfacet
  facet normal 0.790166 -0 0.612893
    outer loop
      vertex -12.0369 2 19.8968
      vertex -11.9887 8 19.8347
      vertex -12.0369 8 19.8968
    endloop
  endfacet
  facet normal 0.790166 0 0.612893
    outer loop
      vertex -11.9887 8 19.8347
      vertex -12.0369 2 19.8968
      vertex -11.9887 2 19.8347
    endloop
  endfacet
  facet normal 0.156445 0 0.987687
    outer loop
      vertex -12.8433 8 20.3401
      vertex -12.7658 2 20.3279
      vertex -12.7658 8 20.3279
    endloop
  endfacet
  facet normal 0.156445 0 0.987687
    outer loop
      vertex -12.7658 2 20.3279
      vertex -12.8433 8 20.3401
      vertex -12.8433 2 20.3401
    endloop
  endfacet
  facet normal 0.278985 0 0.960295
    outer loop
      vertex -12.6891 8 20.3107
      vertex -12.6137 2 20.2888
      vertex -12.6137 8 20.2888
    endloop
  endfacet
  facet normal 0.278985 0 0.960295
    outer loop
      vertex -12.6137 2 20.2888
      vertex -12.6891 8 20.3107
      vertex -12.6891 2 20.3107
    endloop
  endfacet
  facet normal 0.509053 0 0.860735
    outer loop
      vertex -12.3978 8 20.1954
      vertex -12.3302 2 20.1554
      vertex -12.3302 8 20.1554
    endloop
  endfacet
  facet normal 0.509053 0 0.860735
    outer loop
      vertex -12.3302 2 20.1554
      vertex -12.3978 8 20.1954
      vertex -12.3978 2 20.1954
    endloop
  endfacet
  facet normal -0.987689 0 0.156433
    outer loop
      vertex -14.2401 7.9 19.2567
      vertex -14.2279 8 19.3342
      vertex -14.2401 8 19.2567
    endloop
  endfacet
  facet normal -0.987689 0 0.156433
    outer loop
      vertex -14.2279 8 19.3342
      vertex -14.2401 7.9 19.2567
      vertex -14.2279 7.9 19.3342
    endloop
  endfacet
  facet normal -0.750101 0 0.661324
    outer loop
      vertex -13.9631 7.9 19.8968
      vertex -13.9112 8 19.9557
      vertex -13.9631 8 19.8968
    endloop
  endfacet
  facet normal -0.750101 0 0.661324
    outer loop
      vertex -13.9112 8 19.9557
      vertex -13.9631 7.9 19.8968
      vertex -13.9112 7.9 19.9557
    endloop
  endfacet
  facet normal -0.860741 0 0.509044
    outer loop
      vertex -14.0954 7.9 19.7022
      vertex -14.0554 8 19.7698
      vertex -14.0954 8 19.7022
    endloop
  endfacet
  facet normal -0.860741 0 0.509044
    outer loop
      vertex -14.0554 8 19.7698
      vertex -14.0954 7.9 19.7022
      vertex -14.0554 7.9 19.7698
    endloop
  endfacet
  facet normal -0.960292 0 0.278996
    outer loop
      vertex -14.2107 7.9 19.4109
      vertex -14.1888 8 19.4863
      vertex -14.2107 8 19.4109
    endloop
  endfacet
  facet normal -0.960292 0 0.278996
    outer loop
      vertex -14.1888 8 19.4863
      vertex -14.2107 7.9 19.4109
      vertex -14.1888 7.9 19.4863
    endloop
  endfacet
  facet normal -0.453987 0 0.891008
    outer loop
      vertex -13.6022 8 20.1954
      vertex -13.5322 2 20.231
      vertex -13.5322 8 20.231
    endloop
  endfacet
  facet normal -0.453987 0 0.891008
    outer loop
      vertex -13.5322 2 20.231
      vertex -13.6022 8 20.1954
      vertex -13.6022 2 20.1954
    endloop
  endfacet
  facet normal -0.562077 0 0.827085
    outer loop
      vertex -13.7347 8 20.1113
      vertex -13.6698 2 20.1554
      vertex -13.6698 8 20.1554
    endloop
  endfacet
  facet normal -0.562077 0 0.827085
    outer loop
      vertex -13.6698 2 20.1554
      vertex -13.7347 8 20.1113
      vertex -13.7347 2 20.1113
    endloop
  endfacet
  facet normal -0.612899 0 0.790161
    outer loop
      vertex -13.7347 8 20.1113
      vertex -13.7493 7.9 20.1
      vertex -13.7347 2 20.1113
    endloop
  endfacet
  facet normal -0.612907 1.84313e-06 0.790155
    outer loop
      vertex -13.7968 8 20.0631
      vertex -13.7493 7.9 20.1
      vertex -13.7347 8 20.1113
    endloop
  endfacet
  facet normal -0.612909 0 0.790153
    outer loop
      vertex -13.7493 7.9 20.1
      vertex -13.7968 8 20.0631
      vertex -13.7968 7.9 20.0631
    endloop
  endfacet
  facet normal -0.612899 0 0.790161
    outer loop
      vertex -13.7347 2 20.1113
      vertex -13.7493 7.9 20.1
      vertex -13.7493 2 20.1
    endloop
  endfacet
  facet normal -0.218142 0 0.975917
    outer loop
      vertex -13.3109 8 20.3107
      vertex -13.2342 2 20.3279
      vertex -13.2342 8 20.3279
    endloop
  endfacet
  facet normal -0.218142 0 0.975917
    outer loop
      vertex -13.2342 2 20.3279
      vertex -13.3109 8 20.3107
      vertex -13.3109 2 20.3107
    endloop
  endfacet
  facet normal -0.0314304 0 0.999506
    outer loop
      vertex -13.0785 8 20.3475
      vertex -13 2 20.35
      vertex -13 8 20.35
    endloop
  endfacet
  facet normal -0.0314304 0 0.999506
    outer loop
      vertex -13 2 20.35
      vertex -13.0785 8 20.3475
      vertex -13.0785 2 20.3475
    endloop
  endfacet
  facet normal 0.999507 0 -0.0314054
    outer loop
      vertex -11.75 2 19.1
      vertex -11.7525 8 19.0215
      vertex -11.75 8 19.1
    endloop
  endfacet
  facet normal 0.999507 0 -0.0314054
    outer loop
      vertex -11.7525 8 19.0215
      vertex -11.75 2 19.1
      vertex -11.7525 2 19.0215
    endloop
  endfacet
  facet normal 0.891011 0 -0.453982
    outer loop
      vertex -11.869 2 18.5678
      vertex -11.9046 8 18.4978
      vertex -11.869 8 18.5678
    endloop
  endfacet
  facet normal 0.891011 0 -0.453982
    outer loop
      vertex -11.9046 8 18.4978
      vertex -11.869 2 18.5678
      vertex -11.9046 2 18.4978
    endloop
  endfacet
  facet normal 0.750101 0 -0.661324
    outer loop
      vertex -12.0369 2 18.3032
      vertex -12.0888 8 18.2443
      vertex -12.0369 8 18.3032
    endloop
  endfacet
  facet normal 0.750101 0 -0.661324
    outer loop
      vertex -12.0888 8 18.2443
      vertex -12.0369 2 18.3032
      vertex -12.0888 2 18.2443
    endloop
  endfacet
  facet normal -0.975917 0 -0.218142
    outer loop
      vertex -14.2107 7.9 18.7891
      vertex -14.2279 8 18.8658
      vertex -14.2107 8 18.7891
    endloop
  endfacet
  facet normal -0.975917 -0 -0.218142
    outer loop
      vertex -14.2279 8 18.8658
      vertex -14.2107 7.9 18.7891
      vertex -14.2279 7.9 18.8658
    endloop
  endfacet
  facet normal -0.987689 0 -0.156433
    outer loop
      vertex -14.2279 7.9 18.8658
      vertex -14.2401 8 18.9433
      vertex -14.2279 8 18.8658
    endloop
  endfacet
  facet normal -0.987689 -0 -0.156433
    outer loop
      vertex -14.2401 8 18.9433
      vertex -14.2279 7.9 18.8658
      vertex -14.2401 7.9 18.9433
    endloop
  endfacet
  facet normal -0.960292 0 -0.278996
    outer loop
      vertex -14.1888 7.9 18.7137
      vertex -14.2107 8 18.7891
      vertex -14.1888 8 18.7137
    endloop
  endfacet
  facet normal -0.960292 -0 -0.278996
    outer loop
      vertex -14.2107 8 18.7891
      vertex -14.1888 7.9 18.7137
      vertex -14.2107 7.9 18.7891
    endloop
  endfacet
  facet normal 0 1 0
    outer loop
      vertex -12.9215 8 20.3475
      vertex -13.0785 8 20.3475
      vertex -13 8 20.35
    endloop
  endfacet
  facet normal 0 1 0
    outer loop
      vertex -12.8433 8 20.3401
      vertex -13.0785 8 20.3475
      vertex -12.9215 8 20.3475
    endloop
  endfacet
  facet normal 0 1 0
    outer loop
      vertex -12.8433 8 20.3401
      vertex -13.1567 8 20.3401
      vertex -13.0785 8 20.3475
    endloop
  endfacet
  facet normal 0 1 0
    outer loop
      vertex -12.7658 8 20.3279
      vertex -13.1567 8 20.3401
      vertex -12.8433 8 20.3401
    endloop
  endfacet
  facet normal 0 1 0
    outer loop
      vertex -12.7658 8 20.3279
      vertex -13.2342 8 20.3279
      vertex -13.1567 8 20.3401
    endloop
  endfacet
  facet normal 0 1 0
    outer loop
      vertex -12.6891 8 20.3107
      vertex -13.2342 8 20.3279
      vertex -12.7658 8 20.3279
    endloop
  endfacet
  facet normal 0 1 0
    outer loop
      vertex -12.6891 8 20.3107
      vertex -13.3109 8 20.3107
      vertex -13.2342 8 20.3279
    endloop
  endfacet
  facet normal 0 1 0
    outer loop
      vertex -12.6137 8 20.2888
      vertex -13.3109 8 20.3107
      vertex -12.6891 8 20.3107
    endloop
  endfacet
  facet normal 0 1 0
    outer loop
      vertex -12.6137 8 20.2888
      vertex -13.3863 8 20.2888
      vertex -13.3109 8 20.3107
    endloop
  endfacet
  facet normal 0 1 0
    outer loop
      vertex -12.5398 8 20.2622
      vertex -13.3863 8 20.2888
      vertex -12.6137 8 20.2888
    endloop
  endfacet
  facet normal 0 1 0
    outer loop
      vertex -12.5398 8 20.2622
      vertex -13.4602 8 20.2622
      vertex -13.3863 8 20.2888
    endloop
  endfacet
  facet normal 0 1 0
    outer loop
      vertex -12.4678 8 20.231
      vertex -13.4602 8 20.2622
      vertex -12.5398 8 20.2622
    endloop
  endfacet
  facet normal 0 1 0
    outer loop
      vertex -12.4678 8 20.231
      vertex -13.5322 8 20.231
      vertex -13.4602 8 20.2622
    endloop
  endfacet
  facet normal 0 1 0
    outer loop
      vertex -12.3978 8 20.1954
      vertex -13.5322 8 20.231
      vertex -12.4678 8 20.231
    endloop
  endfacet
  facet normal 0 1 0
    outer loop
      vertex -12.3978 8 20.1954
      vertex -13.6022 8 20.1954
      vertex -13.5322 8 20.231
    endloop
  endfacet
  facet normal 0 1 0
    outer loop
      vertex -12.3302 8 20.1554
      vertex -13.6022 8 20.1954
      vertex -12.3978 8 20.1954
    endloop
  endfacet
  facet normal 0 1 0
    outer loop
      vertex -12.3302 8 20.1554
      vertex -13.6698 8 20.1554
      vertex -13.6022 8 20.1954
    endloop
  endfacet
  facet normal 0 1 0
    outer loop
      vertex -12.2653 8 20.1113
      vertex -13.6698 8 20.1554
      vertex -12.3302 8 20.1554
    endloop
  endfacet
  facet normal 0 1 0
    outer loop
      vertex -12.2653 8 20.1113
      vertex -13.7347 8 20.1113
      vertex -13.6698 8 20.1554
    endloop
  endfacet
  facet normal 0 1 0
    outer loop
      vertex -12.2032 8 20.0631
      vertex -13.7347 8 20.1113
      vertex -12.2653 8 20.1113
    endloop
  endfacet
  facet normal 0 1 0
    outer loop
      vertex -12.2032 8 20.0631
      vertex -13.7968 8 20.0631
      vertex -13.7347 8 20.1113
    endloop
  endfacet
  facet normal 0 1 0
    outer loop
      vertex -12.1443 8 20.0112
      vertex -13.7968 8 20.0631
      vertex -12.2032 8 20.0631
    endloop
  endfacet
  facet normal 0 1 0
    outer loop
      vertex -12.1443 8 20.0112
      vertex -13.8557 8 20.0112
      vertex -13.7968 8 20.0631
    endloop
  endfacet
  facet normal 0 1 0
    outer loop
      vertex -12.0888 8 19.9557
      vertex -13.8557 8 20.0112
      vertex -12.1443 8 20.0112
    endloop
  endfacet
  facet normal 0 1 0
    outer loop
      vertex -12.0888 8 19.9557
      vertex -13.9112 8 19.9557
      vertex -13.8557 8 20.0112
    endloop
  endfacet
  facet normal 0 1 0
    outer loop
      vertex -12.0369 8 19.8968
      vertex -13.9112 8 19.9557
      vertex -12.0888 8 19.9557
    endloop
  endfacet
  facet normal 0 1 0
    outer loop
      vertex -12.0369 8 19.8968
      vertex -13.9631 8 19.8968
      vertex -13.9112 8 19.9557
    endloop
  endfacet
  facet normal 0 1 0
    outer loop
      vertex -11.9887 8 19.8347
      vertex -13.9631 8 19.8968
      vertex -12.0369 8 19.8968
    endloop
  endfacet
  facet normal 0 1 0
    outer loop
      vertex -11.9887 8 19.8347
      vertex -14.0113 8 19.8347
      vertex -13.9631 8 19.8968
    endloop
  endfacet
  facet normal 0 1 0
    outer loop
      vertex -11.9446 8 19.7698
      vertex -14.0113 8 19.8347
      vertex -11.9887 8 19.8347
    endloop
  endfacet
  facet normal 0 1 0
    outer loop
      vertex -11.9446 8 19.7698
      vertex -14.0554 8 19.7698
      vertex -14.0113 8 19.8347
    endloop
  endfacet
  facet normal 0 1 0
    outer loop
      vertex -11.9046 8 19.7022
      vertex -14.0554 8 19.7698
      vertex -11.9446 8 19.7698
    endloop
  endfacet
  facet normal 0 1 0
    outer loop
      vertex -11.9046 8 19.7022
      vertex -14.0954 8 19.7022
      vertex -14.0554 8 19.7698
    endloop
  endfacet
  facet normal 0 1 0
    outer loop
      vertex -11.869 8 19.6322
      vertex -14.0954 8 19.7022
      vertex -11.9046 8 19.7022
    endloop
  endfacet
  facet normal 0 1 0
    outer loop
      vertex -11.869 8 19.6322
      vertex -14.131 8 19.6322
      vertex -14.0954 8 19.7022
    endloop
  endfacet
  facet normal 0 1 0
    outer loop
      vertex -11.8378 8 19.5602
      vertex -14.131 8 19.6322
      vertex -11.869 8 19.6322
    endloop
  endfacet
  facet normal 0 1 0
    outer loop
      vertex -11.8378 8 19.5602
      vertex -14.1622 8 19.5602
      vertex -14.131 8 19.6322
    endloop
  endfacet
  facet normal 0 1 0
    outer loop
      vertex -11.8112 8 19.4863
      vertex -14.1622 8 19.5602
      vertex -11.8378 8 19.5602
    endloop
  endfacet
  facet normal 0 1 0
    outer loop
      vertex -11.8112 8 19.4863
      vertex -14.1888 8 19.4863
      vertex -14.1622 8 19.5602
    endloop
  endfacet
  facet normal 0 1 0
    outer loop
      vertex -11.7893 8 19.4109
      vertex -14.1888 8 19.4863
      vertex -11.8112 8 19.4863
    endloop
  endfacet
  facet normal 0 1 0
    outer loop
      vertex -11.7893 8 19.4109
      vertex -14.2107 8 19.4109
      vertex -14.1888 8 19.4863
    endloop
  endfacet
  facet normal 0 1 0
    outer loop
      vertex -11.7721 8 19.3342
      vertex -14.2107 8 19.4109
      vertex -11.7893 8 19.4109
    endloop
  endfacet
  facet normal 0 1 0
    outer loop
      vertex -11.7721 8 19.3342
      vertex -14.2279 8 19.3342
      vertex -14.2107 8 19.4109
    endloop
  endfacet
  facet normal 0 1 0
    outer loop
      vertex -11.7599 8 19.2567
      vertex -14.2279 8 19.3342
      vertex -11.7721 8 19.3342
    endloop
  endfacet
  facet normal 0 1 0
    outer loop
      vertex -11.7599 8 19.2567
      vertex -14.2401 8 19.2567
      vertex -14.2279 8 19.3342
    endloop
  endfacet
  facet normal 0 1 0
    outer loop
      vertex -11.7525 8 19.1785
      vertex -14.2401 8 19.2567
      vertex -11.7599 8 19.2567
    endloop
  endfacet
  facet normal 0 1 0
    outer loop
      vertex -11.7525 8 19.1785
      vertex -14.2475 8 19.1785
      vertex -14.2401 8 19.2567
    endloop
  endfacet
  facet normal 0 1 0
    outer loop
      vertex -11.75 8 19.1
      vertex -14.2475 8 19.1785
      vertex -11.7525 8 19.1785
    endloop
  endfacet
  facet normal 0 1 0
    outer loop
      vertex -11.75 8 19.1
      vertex -14.25 8 19.1
      vertex -14.2475 8 19.1785
    endloop
  endfacet
  facet normal 0 1 -0
    outer loop
      vertex -11.7525 8 19.0215
      vertex -14.25 8 19.1
      vertex -11.75 8 19.1
    endloop
  endfacet
  facet normal 0 1 0
    outer loop
      vertex -11.7525 8 19.0215
      vertex -14.2475 8 19.0215
      vertex -14.25 8 19.1
    endloop
  endfacet
  facet normal 0 1 -0
    outer loop
      vertex -11.7599 8 18.9433
      vertex -14.2475 8 19.0215
      vertex -11.7525 8 19.0215
    endloop
  endfacet
  facet normal 0 1 0
    outer loop
      vertex -11.7599 8 18.9433
      vertex -14.2401 8 18.9433
      vertex -14.2475 8 19.0215
    endloop
  endfacet
  facet normal 0 1 -0
    outer loop
      vertex -11.7721 8 18.8658
      vertex -14.2401 8 18.9433
      vertex -11.7599 8 18.9433
    endloop
  endfacet
  facet normal 0 1 0
    outer loop
      vertex -11.7721 8 18.8658
      vertex -14.2279 8 18.8658
      vertex -14.2401 8 18.9433
    endloop
  endfacet
  facet normal 0 1 -0
    outer loop
      vertex -11.7893 8 18.7891
      vertex -14.2279 8 18.8658
      vertex -11.7721 8 18.8658
    endloop
  endfacet
  facet normal 0 1 0
    outer loop
      vertex -11.7893 8 18.7891
      vertex -14.2107 8 18.7891
      vertex -14.2279 8 18.8658
    endloop
  endfacet
  facet normal 0 1 -0
    outer loop
      vertex -11.8112 8 18.7137
      vertex -14.2107 8 18.7891
      vertex -11.7893 8 18.7891
    endloop
  endfacet
  facet normal 0 1 0
    outer loop
      vertex -11.8112 8 18.7137
      vertex -14.1888 8 18.7137
      vertex -14.2107 8 18.7891
    endloop
  endfacet
  facet normal 0 1 -0
    outer loop
      vertex -11.8378 8 18.6398
      vertex -14.1888 8 18.7137
      vertex -11.8112 8 18.7137
    endloop
  endfacet
  facet normal 0 1 0
    outer loop
      vertex -11.8378 8 18.6398
      vertex -14.1622 8 18.6398
      vertex -14.1888 8 18.7137
    endloop
  endfacet
  facet normal 0 1 -0
    outer loop
      vertex -11.869 8 18.5678
      vertex -14.1622 8 18.6398
      vertex -11.8378 8 18.6398
    endloop
  endfacet
  facet normal 0 1 0
    outer loop
      vertex -11.869 8 18.5678
      vertex -14.131 8 18.5678
      vertex -14.1622 8 18.6398
    endloop
  endfacet
  facet normal 0 1 -0
    outer loop
      vertex -11.9046 8 18.4978
      vertex -14.131 8 18.5678
      vertex -11.869 8 18.5678
    endloop
  endfacet
  facet normal 0 1 0
    outer loop
      vertex -11.9046 8 18.4978
      vertex -14.0954 8 18.4978
      vertex -14.131 8 18.5678
    endloop
  endfacet
  facet normal 0 1 -0
    outer loop
      vertex -11.9446 8 18.4302
      vertex -14.0954 8 18.4978
      vertex -11.9046 8 18.4978
    endloop
  endfacet
  facet normal 0 1 0
    outer loop
      vertex -11.9446 8 18.4302
      vertex -14.0554 8 18.4302
      vertex -14.0954 8 18.4978
    endloop
  endfacet
  facet normal 0 1 -0
    outer loop
      vertex -11.9887 8 18.3653
      vertex -14.0554 8 18.4302
      vertex -11.9446 8 18.4302
    endloop
  endfacet
  facet normal 0 1 0
    outer loop
      vertex -11.9887 8 18.3653
      vertex -14.0113 8 18.3653
      vertex -14.0554 8 18.4302
    endloop
  endfacet
  facet normal 0 1 -0
    outer loop
      vertex -12.0369 8 18.3032
      vertex -14.0113 8 18.3653
      vertex -11.9887 8 18.3653
    endloop
  endfacet
  facet normal 0 1 0
    outer loop
      vertex -12.0369 8 18.3032
      vertex -13.9631 8 18.3032
      vertex -14.0113 8 18.3653
    endloop
  endfacet
  facet normal 0 1 -0
    outer loop
      vertex -12.0888 8 18.2443
      vertex -13.9631 8 18.3032
      vertex -12.0369 8 18.3032
    endloop
  endfacet
  facet normal 0 1 0
    outer loop
      vertex -12.0888 8 18.2443
      vertex -13.9112 8 18.2443
      vertex -13.9631 8 18.3032
    endloop
  endfacet
  facet normal 0 1 -0
    outer loop
      vertex -12.1443 8 18.1888
      vertex -13.9112 8 18.2443
      vertex -12.0888 8 18.2443
    endloop
  endfacet
  facet normal 0 1 0
    outer loop
      vertex -12.1443 8 18.1888
      vertex -13.8557 8 18.1888
      vertex -13.9112 8 18.2443
    endloop
  endfacet
  facet normal 0 1 -0
    outer loop
      vertex -12.2032 8 18.1369
      vertex -13.8557 8 18.1888
      vertex -12.1443 8 18.1888
    endloop
  endfacet
  facet normal 0 1 0
    outer loop
      vertex -12.2032 8 18.1369
      vertex -13.7968 8 18.1369
      vertex -13.8557 8 18.1888
    endloop
  endfacet
  facet normal 0 1 -0
    outer loop
      vertex -12.2653 8 18.0887
      vertex -13.7968 8 18.1369
      vertex -12.2032 8 18.1369
    endloop
  endfacet
  facet normal 0 1 0
    outer loop
      vertex -12.2653 8 18.0887
      vertex -13.7347 8 18.0887
      vertex -13.7968 8 18.1369
    endloop
  endfacet
  facet normal 0 1 -0
    outer loop
      vertex -12.3302 8 18.0446
      vertex -13.7347 8 18.0887
      vertex -12.2653 8 18.0887
    endloop
  endfacet
  facet normal 0 1 0
    outer loop
      vertex -12.3302 8 18.0446
      vertex -13.6698 8 18.0446
      vertex -13.7347 8 18.0887
    endloop
  endfacet
  facet normal 0 1 -0
    outer loop
      vertex -12.3978 8 18.0046
      vertex -13.6698 8 18.0446
      vertex -12.3302 8 18.0446
    endloop
  endfacet
  facet normal 0 1 0
    outer loop
      vertex -12.3978 8 18.0046
      vertex -13.6022 8 18.0046
      vertex -13.6698 8 18.0446
    endloop
  endfacet
  facet normal 0 1 -0
    outer loop
      vertex -12.4678 8 17.969
      vertex -13.6022 8 18.0046
      vertex -12.3978 8 18.0046
    endloop
  endfacet
  facet normal 0 1 0
    outer loop
      vertex -12.4678 8 17.969
      vertex -13.5322 8 17.969
      vertex -13.6022 8 18.0046
    endloop
  endfacet
  facet normal 0 1 -0
    outer loop
      vertex -12.5398 8 17.9378
      vertex -13.5322 8 17.969
      vertex -12.4678 8 17.969
    endloop
  endfacet
  facet normal 0 1 0
    outer loop
      vertex -12.5398 8 17.9378
      vertex -13.4602 8 17.9378
      vertex -13.5322 8 17.969
    endloop
  endfacet
  facet normal 0 1 -0
    outer loop
      vertex -12.6137 8 17.9112
      vertex -13.4602 8 17.9378
      vertex -12.5398 8 17.9378
    endloop
  endfacet
  facet normal 0 1 0
    outer loop
      vertex -12.6137 8 17.9112
      vertex -13.3863 8 17.9112
      vertex -13.4602 8 17.9378
    endloop
  endfacet
  facet normal 0 1 -0
    outer loop
      vertex -12.6891 8 17.8893
      vertex -13.3863 8 17.9112
      vertex -12.6137 8 17.9112
    endloop
  endfacet
  facet normal 0 1 0
    outer loop
      vertex -12.6891 8 17.8893
      vertex -13.3109 8 17.8893
      vertex -13.3863 8 17.9112
    endloop
  endfacet
  facet normal 0 1 -0
    outer loop
      vertex -12.7658 8 17.8721
      vertex -13.3109 8 17.8893
      vertex -12.6891 8 17.8893
    endloop
  endfacet
  facet normal 0 1 0
    outer loop
      vertex -12.7658 8 17.8721
      vertex -13.2342 8 17.8721
      vertex -13.3109 8 17.8893
    endloop
  endfacet
  facet normal 0 1 -0
    outer loop
      vertex -12.8433 8 17.8599
      vertex -13.2342 8 17.8721
      vertex -12.7658 8 17.8721
    endloop
  endfacet
  facet normal 0 1 0
    outer loop
      vertex -12.8433 8 17.8599
      vertex -13.1567 8 17.8599
      vertex -13.2342 8 17.8721
    endloop
  endfacet
  facet normal 0 1 -0
    outer loop
      vertex -12.9215 8 17.8525
      vertex -13.1567 8 17.8599
      vertex -12.8433 8 17.8599
    endloop
  endfacet
  facet normal 0 1 0
    outer loop
      vertex -12.9215 8 17.8525
      vertex -13.0785 8 17.8525
      vertex -13.1567 8 17.8599
    endloop
  endfacet
  facet normal -0 1 0
    outer loop
      vertex -13.0785 8 17.8525
      vertex -12.9215 8 17.8525
      vertex -13 8 17.85
    endloop
  endfacet
  facet normal 0.218142 0 -0.975917
    outer loop
      vertex -12.7658 7.9 17.8721
      vertex -12.6891 8 17.8893
      vertex -12.6891 7.9 17.8893
    endloop
  endfacet
  facet normal 0.218142 0 -0.975917
    outer loop
      vertex -12.6891 8 17.8893
      vertex -12.7658 7.9 17.8721
      vertex -12.7658 8 17.8721
    endloop
  endfacet
  facet normal 0.0314057 0 -0.999507
    outer loop
      vertex -13 7.9 17.85
      vertex -12.9215 8 17.8525
      vertex -12.9215 7.9 17.8525
    endloop
  endfacet
  facet normal 0.0314057 0 -0.999507
    outer loop
      vertex -12.9215 8 17.8525
      vertex -13 7.9 17.85
      vertex -13 8 17.85
    endloop
  endfacet
  facet normal 0.987689 -0 0.156433
    outer loop
      vertex -11.7721 2 19.3342
      vertex -11.7599 8 19.2567
      vertex -11.7721 8 19.3342
    endloop
  endfacet
  facet normal 0.987689 0 0.156433
    outer loop
      vertex -11.7599 8 19.2567
      vertex -11.7721 2 19.3342
      vertex -11.7599 2 19.2567
    endloop
  endfacet
  facet normal 0.750101 -0 0.661324
    outer loop
      vertex -12.0888 2 19.9557
      vertex -12.0369 8 19.8968
      vertex -12.0888 8 19.9557
    endloop
  endfacet
  facet normal 0.750101 0 0.661324
    outer loop
      vertex -12.0369 8 19.8968
      vertex -12.0888 2 19.9557
      vertex -12.0369 2 19.8968
    endloop
  endfacet
  facet normal 0.707107 -0 0.707107
    outer loop
      vertex -12.1443 2 20.0112
      vertex -12.0888 8 19.9557
      vertex -12.1443 8 20.0112
    endloop
  endfacet
  facet normal 0.707107 0 0.707107
    outer loop
      vertex -12.0888 8 19.9557
      vertex -12.1443 2 20.0112
      vertex -12.0888 2 19.9557
    endloop
  endfacet
  facet normal 0.860741 -0 0.509044
    outer loop
      vertex -11.9446 2 19.7698
      vertex -11.9046 8 19.7022
      vertex -11.9446 8 19.7698
    endloop
  endfacet
  facet normal 0.860741 0 0.509044
    outer loop
      vertex -11.9046 8 19.7022
      vertex -11.9446 2 19.7698
      vertex -11.9046 2 19.7022
    endloop
  endfacet
  facet normal 0.0940961 0 0.995563
    outer loop
      vertex -12.9215 8 20.3475
      vertex -12.8433 2 20.3401
      vertex -12.8433 8 20.3401
    endloop
  endfacet
  facet normal 0.0940961 0 0.995563
    outer loop
      vertex -12.8433 2 20.3401
      vertex -12.9215 8 20.3475
      vertex -12.9215 2 20.3475
    endloop
  endfacet
  facet normal 0.453987 0 0.891008
    outer loop
      vertex -12.4678 8 20.231
      vertex -12.3978 2 20.1954
      vertex -12.3978 8 20.1954
    endloop
  endfacet
  facet normal 0.453987 0 0.891008
    outer loop
      vertex -12.3978 2 20.1954
      vertex -12.4678 8 20.231
      vertex -12.4678 2 20.231
    endloop
  endfacet
  facet normal 0.397152 0 0.917753
    outer loop
      vertex -12.5398 8 20.2622
      vertex -12.4678 2 20.231
      vertex -12.4678 8 20.231
    endloop
  endfacet
  facet normal 0.397152 0 0.917753
    outer loop
      vertex -12.4678 2 20.231
      vertex -12.5398 8 20.2622
      vertex -12.5398 2 20.2622
    endloop
  endfacet
  facet normal 0.612907 0 0.790155
    outer loop
      vertex -12.2653 8 20.1113
      vertex -12.2032 2 20.0631
      vertex -12.2032 8 20.0631
    endloop
  endfacet
  facet normal 0.612907 0 0.790155
    outer loop
      vertex -12.2032 2 20.0631
      vertex -12.2653 8 20.1113
      vertex -12.2653 2 20.1113
    endloop
  endfacet
  facet normal 0.562077 0 0.827085
    outer loop
      vertex -12.3302 8 20.1554
      vertex -12.2653 2 20.1113
      vertex -12.2653 8 20.1113
    endloop
  endfacet
  facet normal 0.562077 0 0.827085
    outer loop
      vertex -12.2653 2 20.1113
      vertex -12.3302 8 20.1554
      vertex -12.3302 2 20.1554
    endloop
  endfacet
  facet normal -0.790166 0 0.612893
    outer loop
      vertex -14.0113 7.9 19.8347
      vertex -13.9631 8 19.8968
      vertex -14.0113 8 19.8347
    endloop
  endfacet
  facet normal -0.790166 0 0.612893
    outer loop
      vertex -13.9631 8 19.8968
      vertex -14.0113 7.9 19.8347
      vertex -13.9631 7.9 19.8968
    endloop
  endfacet
  facet normal -0.827075 0 0.562091
    outer loop
      vertex -14.0554 7.9 19.7698
      vertex -14.0113 8 19.8347
      vertex -14.0554 8 19.7698
    endloop
  endfacet
  facet normal -0.827075 0 0.562091
    outer loop
      vertex -14.0113 8 19.8347
      vertex -14.0554 7.9 19.7698
      vertex -14.0113 7.9 19.8347
    endloop
  endfacet
  facet normal -0.891011 0 0.453982
    outer loop
      vertex -14.131 7.9 19.6322
      vertex -14.0954 8 19.7022
      vertex -14.131 8 19.6322
    endloop
  endfacet
  facet normal -0.891011 0 0.453982
    outer loop
      vertex -14.0954 8 19.7022
      vertex -14.131 7.9 19.6322
      vertex -14.0954 7.9 19.7022
    endloop
  endfacet
  facet normal -0.995562 0 0.0941082
    outer loop
      vertex -14.2475 7.9 19.1785
      vertex -14.2401 8 19.2567
      vertex -14.2475 8 19.1785
    endloop
  endfacet
  facet normal -0.995562 0 0.0941082
    outer loop
      vertex -14.2401 8 19.2567
      vertex -14.2475 7.9 19.1785
      vertex -14.2401 7.9 19.2567
    endloop
  endfacet
  facet normal -0.278985 0 0.960295
    outer loop
      vertex -13.3863 8 20.2888
      vertex -13.3109 2 20.3107
      vertex -13.3109 8 20.3107
    endloop
  endfacet
  facet normal -0.278985 0 0.960295
    outer loop
      vertex -13.3109 2 20.3107
      vertex -13.3863 8 20.2888
      vertex -13.3863 2 20.2888
    endloop
  endfacet
  facet normal 0.975917 0 -0.218142
    outer loop
      vertex -11.7721 2 18.8658
      vertex -11.7893 8 18.7891
      vertex -11.7721 8 18.8658
    endloop
  endfacet
  facet normal 0.975917 0 -0.218142
    outer loop
      vertex -11.7893 8 18.7891
      vertex -11.7721 2 18.8658
      vertex -11.7893 2 18.7891
    endloop
  endfacet
  facet normal 0.940882 0 -0.338734
    outer loop
      vertex -11.8112 2 18.7137
      vertex -11.8378 8 18.6398
      vertex -11.8112 8 18.7137
    endloop
  endfacet
  facet normal 0.940882 0 -0.338734
    outer loop
      vertex -11.8378 8 18.6398
      vertex -11.8112 2 18.7137
      vertex -11.8378 2 18.6398
    endloop
  endfacet
  facet normal 0.917751 0 -0.397156
    outer loop
      vertex -11.8378 2 18.6398
      vertex -11.869 8 18.5678
      vertex -11.8378 8 18.6398
    endloop
  endfacet
  facet normal 0.917751 0 -0.397156
    outer loop
      vertex -11.869 8 18.5678
      vertex -11.8378 2 18.6398
      vertex -11.869 2 18.5678
    endloop
  endfacet
  facet normal 0.707107 0 -0.707107
    outer loop
      vertex -12.0888 2 18.2443
      vertex -12.1443 8 18.1888
      vertex -12.0888 8 18.2443
    endloop
  endfacet
  facet normal 0.707107 0 -0.707107
    outer loop
      vertex -12.1443 8 18.1888
      vertex -12.0888 2 18.2443
      vertex -12.1443 2 18.1888
    endloop
  endfacet
  facet normal 0.612907 0 -0.790155
    outer loop
      vertex -12.2653 2 18.0887
      vertex -12.2032 8 18.1369
      vertex -12.2032 2 18.1369
    endloop
  endfacet
  facet normal 0.612907 0 -0.790155
    outer loop
      vertex -12.2032 8 18.1369
      vertex -12.2653 2 18.0887
      vertex -12.2653 8 18.0887
    endloop
  endfacet
  facet normal 0.661318 0 -0.750106
    outer loop
      vertex -12.2032 2 18.1369
      vertex -12.1443 8 18.1888
      vertex -12.1443 2 18.1888
    endloop
  endfacet
  facet normal 0.661318 0 -0.750106
    outer loop
      vertex -12.1443 8 18.1888
      vertex -12.2032 2 18.1369
      vertex -12.2032 8 18.1369
    endloop
  endfacet
  facet normal 0.562077 0 -0.827085
    outer loop
      vertex -12.3302 2 18.0446
      vertex -12.2653 8 18.0887
      vertex -12.2653 2 18.0887
    endloop
  endfacet
  facet normal 0.562077 0 -0.827085
    outer loop
      vertex -12.2653 8 18.0887
      vertex -12.3302 2 18.0446
      vertex -12.3302 8 18.0446
    endloop
  endfacet
  facet normal 0.860741 0 -0.509044
    outer loop
      vertex -11.9046 2 18.4978
      vertex -11.9446 8 18.4302
      vertex -11.9046 8 18.4978
    endloop
  endfacet
  facet normal 0.860741 0 -0.509044
    outer loop
      vertex -11.9446 8 18.4302
      vertex -11.9046 2 18.4978
      vertex -11.9446 2 18.4302
    endloop
  endfacet
  facet normal 0.790166 0 -0.612893
    outer loop
      vertex -11.9887 2 18.3653
      vertex -12.0369 8 18.3032
      vertex -11.9887 8 18.3653
    endloop
  endfacet
  facet normal 0.790166 0 -0.612893
    outer loop
      vertex -12.0369 8 18.3032
      vertex -11.9887 2 18.3653
      vertex -12.0369 2 18.3032
    endloop
  endfacet
  facet normal -0.397152 0 -0.917753
    outer loop
      vertex -13.5322 7.9 17.969
      vertex -13.4602 8 17.9378
      vertex -13.4602 7.9 17.9378
    endloop
  endfacet
  facet normal -0.397152 0 -0.917753
    outer loop
      vertex -13.4602 8 17.9378
      vertex -13.5322 7.9 17.969
      vertex -13.5322 8 17.969
    endloop
  endfacet
  facet normal -0.338734 0 -0.940882
    outer loop
      vertex -13.4602 7.9 17.9378
      vertex -13.3863 8 17.9112
      vertex -13.3863 7.9 17.9112
    endloop
  endfacet
  facet normal -0.338734 0 -0.940882
    outer loop
      vertex -13.3863 8 17.9112
      vertex -13.4602 7.9 17.9378
      vertex -13.4602 8 17.9378
    endloop
  endfacet
  facet normal -0.917751 0 -0.397156
    outer loop
      vertex -14.131 7.9 18.5678
      vertex -14.1622 8 18.6398
      vertex -14.131 8 18.5678
    endloop
  endfacet
  facet normal -0.917751 -0 -0.397156
    outer loop
      vertex -14.1622 8 18.6398
      vertex -14.131 7.9 18.5678
      vertex -14.1622 7.9 18.6398
    endloop
  endfacet
  facet normal -0.940882 0 -0.338734
    outer loop
      vertex -14.1622 7.9 18.6398
      vertex -14.1888 8 18.7137
      vertex -14.1622 8 18.6398
    endloop
  endfacet
  facet normal -0.940882 -0 -0.338734
    outer loop
      vertex -14.1888 8 18.7137
      vertex -14.1622 7.9 18.6398
      vertex -14.1888 7.9 18.7137
    endloop
  endfacet
  facet normal -0.995562 0 -0.0941082
    outer loop
      vertex -14.2401 7.9 18.9433
      vertex -14.2475 8 19.0215
      vertex -14.2401 8 18.9433
    endloop
  endfacet
  facet normal -0.995562 -0 -0.0941082
    outer loop
      vertex -14.2475 8 19.0215
      vertex -14.2401 7.9 18.9433
      vertex -14.2475 7.9 19.0215
    endloop
  endfacet
  facet normal -0.999506 0 -0.0314175
    outer loop
      vertex -14.2475 7.9 19.0215
      vertex -14.25 8 19.1
      vertex -14.2475 8 19.0215
    endloop
  endfacet
  facet normal -0.999506 -0 -0.0314175
    outer loop
      vertex -14.25 8 19.1
      vertex -14.2475 7.9 19.0215
      vertex -14.25 7.9 19.1
    endloop
  endfacet
  facet normal 0.338718 0 -0.940888
    outer loop
      vertex -12.6 7.9 17.9161
      vertex -12.5398 2 17.9378
      vertex -12.6 2 17.9161
    endloop
  endfacet
  facet normal 0.338718 0 -0.940888
    outer loop
      vertex -12.5398 2 17.9378
      vertex -12.6 7.9 17.9161
      vertex -12.5398 8 17.9378
    endloop
  endfacet
  facet normal 0.338803 0 -0.940857
    outer loop
      vertex -12.6137 8 17.9112
      vertex -12.6 7.9 17.9161
      vertex -12.6137 7.9 17.9112
    endloop
  endfacet
  facet normal 0.338734 -1.06534e-05 -0.940882
    outer loop
      vertex -12.6 7.9 17.9161
      vertex -12.6137 8 17.9112
      vertex -12.5398 8 17.9378
    endloop
  endfacet
  facet normal 0.397152 0 -0.917753
    outer loop
      vertex -12.5398 2 17.9378
      vertex -12.4678 8 17.969
      vertex -12.4678 2 17.969
    endloop
  endfacet
  facet normal 0.397152 0 -0.917753
    outer loop
      vertex -12.4678 8 17.969
      vertex -12.5398 2 17.9378
      vertex -12.5398 8 17.9378
    endloop
  endfacet
  facet normal 0.453987 0 -0.891008
    outer loop
      vertex -12.4678 2 17.969
      vertex -12.3978 8 18.0046
      vertex -12.3978 2 18.0046
    endloop
  endfacet
  facet normal 0.453987 0 -0.891008
    outer loop
      vertex -12.3978 8 18.0046
      vertex -12.4678 2 17.969
      vertex -12.4678 8 17.969
    endloop
  endfacet
  facet normal 0.156445 0 -0.987687
    outer loop
      vertex -12.8433 7.9 17.8599
      vertex -12.7658 8 17.8721
      vertex -12.7658 7.9 17.8721
    endloop
  endfacet
  facet normal 0.156445 0 -0.987687
    outer loop
      vertex -12.7658 8 17.8721
      vertex -12.8433 7.9 17.8599
      vertex -12.8433 8 17.8599
    endloop
  endfacet
  facet normal 0.987689 0 -0.156433
    outer loop
      vertex -11.7599 2 18.9433
      vertex -11.7721 8 18.8658
      vertex -11.7599 8 18.9433
    endloop
  endfacet
  facet normal 0.987689 0 -0.156433
    outer loop
      vertex -11.7721 8 18.8658
      vertex -11.7599 2 18.9433
      vertex -11.7721 2 18.8658
    endloop
  endfacet
  facet normal 0.827075 0 -0.562091
    outer loop
      vertex -11.9446 2 18.4302
      vertex -11.9887 8 18.3653
      vertex -11.9446 8 18.4302
    endloop
  endfacet
  facet normal 0.827075 0 -0.562091
    outer loop
      vertex -11.9887 8 18.3653
      vertex -11.9446 2 18.4302
      vertex -11.9887 2 18.3653
    endloop
  endfacet
  facet normal -0.509053 0 -0.860735
    outer loop
      vertex -13.6698 7.9 18.0446
      vertex -13.6022 8 18.0046
      vertex -13.6022 7.9 18.0046
    endloop
  endfacet
  facet normal -0.509053 0 -0.860735
    outer loop
      vertex -13.6022 8 18.0046
      vertex -13.6698 7.9 18.0446
      vertex -13.6698 8 18.0446
    endloop
  endfacet
  facet normal -0.218142 0 -0.975917
    outer loop
      vertex -13.3109 7.9 17.8893
      vertex -13.2342 8 17.8721
      vertex -13.2342 7.9 17.8721
    endloop
  endfacet
  facet normal -0.218142 0 -0.975917
    outer loop
      vertex -13.2342 8 17.8721
      vertex -13.3109 7.9 17.8893
      vertex -13.3109 8 17.8893
    endloop
  endfacet
  facet normal -0.156445 0 -0.987687
    outer loop
      vertex -13.2342 7.9 17.8721
      vertex -13.1567 8 17.8599
      vertex -13.1567 7.9 17.8599
    endloop
  endfacet
  facet normal -0.156445 0 -0.987687
    outer loop
      vertex -13.1567 8 17.8599
      vertex -13.2342 7.9 17.8721
      vertex -13.2342 8 17.8721
    endloop
  endfacet
  facet normal -0.0314061 0 -0.999507
    outer loop
      vertex -13.0785 7.9 17.8525
      vertex -13 8 17.85
      vertex -13 7.9 17.85
    endloop
  endfacet
  facet normal -0.0314061 0 -0.999507
    outer loop
      vertex -13 8 17.85
      vertex -13.0785 7.9 17.8525
      vertex -13.0785 8 17.8525
    endloop
  endfacet
  facet normal -0.860741 0 -0.509044
    outer loop
      vertex -14.0554 7.9 18.4302
      vertex -14.0954 8 18.4978
      vertex -14.0554 8 18.4302
    endloop
  endfacet
  facet normal -0.860741 -0 -0.509044
    outer loop
      vertex -14.0954 8 18.4978
      vertex -14.0554 7.9 18.4302
      vertex -14.0954 7.9 18.4978
    endloop
  endfacet
  facet normal -0.750101 0 -0.661324
    outer loop
      vertex -13.9112 7.9 18.2443
      vertex -13.9631 8 18.3032
      vertex -13.9112 8 18.2443
    endloop
  endfacet
  facet normal -0.750101 -0 -0.661324
    outer loop
      vertex -13.9631 8 18.3032
      vertex -13.9112 7.9 18.2443
      vertex -13.9631 7.9 18.3032
    endloop
  endfacet
  facet normal -0.827075 0 -0.562091
    outer loop
      vertex -14.0113 7.9 18.3653
      vertex -14.0554 8 18.4302
      vertex -14.0113 8 18.3653
    endloop
  endfacet
  facet normal -0.827075 -0 -0.562091
    outer loop
      vertex -14.0554 8 18.4302
      vertex -14.0113 7.9 18.3653
      vertex -14.0554 7.9 18.4302
    endloop
  endfacet
  facet normal -0.661318 0 -0.750106
    outer loop
      vertex -13.8557 7.9 18.1888
      vertex -13.7968 8 18.1369
      vertex -13.7968 7.9 18.1369
    endloop
  endfacet
  facet normal -0.661318 0 -0.750106
    outer loop
      vertex -13.7968 8 18.1369
      vertex -13.8557 7.9 18.1888
      vertex -13.8557 8 18.1888
    endloop
  endfacet
  facet normal -0.453987 0 -0.891008
    outer loop
      vertex -13.6022 7.9 18.0046
      vertex -13.5322 8 17.969
      vertex -13.5322 7.9 17.969
    endloop
  endfacet
  facet normal -0.453987 0 -0.891008
    outer loop
      vertex -13.5322 8 17.969
      vertex -13.6022 7.9 18.0046
      vertex -13.6022 8 18.0046
    endloop
  endfacet
  facet normal -0.278985 0 -0.960295
    outer loop
      vertex -13.3863 7.9 17.9112
      vertex -13.3109 8 17.8893
      vertex -13.3109 7.9 17.8893
    endloop
  endfacet
  facet normal -0.278985 0 -0.960295
    outer loop
      vertex -13.3109 8 17.8893
      vertex -13.3863 7.9 17.9112
      vertex -13.3863 8 17.9112
    endloop
  endfacet
  facet normal -0.0940961 0 -0.995563
    outer loop
      vertex -13.1567 7.9 17.8599
      vertex -13.0785 8 17.8525
      vertex -13.0785 7.9 17.8525
    endloop
  endfacet
  facet normal -0.0940961 0 -0.995563
    outer loop
      vertex -13.0785 8 17.8525
      vertex -13.1567 7.9 17.8599
      vertex -13.1567 8 17.8599
    endloop
  endfacet
  facet normal -0.891011 0 -0.453982
    outer loop
      vertex -14.0954 7.9 18.4978
      vertex -14.131 8 18.5678
      vertex -14.0954 8 18.4978
    endloop
  endfacet
  facet normal -0.891011 -0 -0.453982
    outer loop
      vertex -14.131 8 18.5678
      vertex -14.0954 7.9 18.4978
      vertex -14.131 7.9 18.5678
    endloop
  endfacet
  facet normal -0.790166 0 -0.612893
    outer loop
      vertex -13.9631 7.9 18.3032
      vertex -14.0113 8 18.3653
      vertex -13.9631 8 18.3032
    endloop
  endfacet
  facet normal -0.790166 -0 -0.612893
    outer loop
      vertex -14.0113 8 18.3653
      vertex -13.9631 7.9 18.3032
      vertex -14.0113 7.9 18.3653
    endloop
  endfacet
  facet normal -0.612907 0 -0.790155
    outer loop
      vertex -13.7968 7.9 18.1369
      vertex -13.7347 8 18.0887
      vertex -13.7347 7.9 18.0887
    endloop
  endfacet
  facet normal -0.612907 0 -0.790155
    outer loop
      vertex -13.7347 8 18.0887
      vertex -13.7968 7.9 18.1369
      vertex -13.7968 8 18.1369
    endloop
  endfacet
  facet normal -0.562077 0 -0.827085
    outer loop
      vertex -13.7347 7.9 18.0887
      vertex -13.6698 8 18.0446
      vertex -13.6698 7.9 18.0446
    endloop
  endfacet
  facet normal -0.562077 0 -0.827085
    outer loop
      vertex -13.6698 8 18.0446
      vertex -13.7347 7.9 18.0887
      vertex -13.7347 8 18.0887
    endloop
  endfacet
  facet normal 0.999507 -0 0.0314061
    outer loop
      vertex -16.7525 7.9 19.1785
      vertex -16.75 8 19.1
      vertex -16.7525 8 19.1785
    endloop
  endfacet
  facet normal 0.999507 0 0.0314061
    outer loop
      vertex -16.75 8 19.1
      vertex -16.7525 7.9 19.1785
      vertex -16.75 7.9 19.1
    endloop
  endfacet
  facet normal 0.995561 -0 0.0941202
    outer loop
      vertex -16.7599 7.9 19.2567
      vertex -16.7525 8 19.1785
      vertex -16.7599 8 19.2567
    endloop
  endfacet
  facet normal 0.995561 0 0.0941202
    outer loop
      vertex -16.7525 8 19.1785
      vertex -16.7599 7.9 19.2567
      vertex -16.7525 7.9 19.1785
    endloop
  endfacet
  facet normal -0.999506 0 0.0314304
    outer loop
      vertex -19.25 2 19.1
      vertex -19.2475 8 19.1785
      vertex -19.25 8 19.1
    endloop
  endfacet
  facet normal -0.999506 0 0.0314304
    outer loop
      vertex -19.2475 8 19.1785
      vertex -19.25 2 19.1
      vertex -19.2475 2 19.1785
    endloop
  endfacet
  facet normal 0.0314304 0 0.999506
    outer loop
      vertex -18 8 20.35
      vertex -17.9215 2 20.3475
      vertex -17.9215 8 20.3475
    endloop
  endfacet
  facet normal 0.0314304 0 0.999506
    outer loop
      vertex -17.9215 2 20.3475
      vertex -18 8 20.35
      vertex -18 2 20.35
    endloop
  endfacet
  facet normal 0.707107 -0 0.707107
    outer loop
      vertex -17.1443 7.9 20.0112
      vertex -17.0888 8 19.9557
      vertex -17.1443 8 20.0112
    endloop
  endfacet
  facet normal 0.707107 0 0.707107
    outer loop
      vertex -17.0888 8 19.9557
      vertex -17.1443 7.9 20.0112
      vertex -17.0888 7.9 19.9557
    endloop
  endfacet
  facet normal -0.661324 0 0.750101
    outer loop
      vertex -18.8557 8 20.0112
      vertex -18.7968 2 20.0631
      vertex -18.7968 8 20.0631
    endloop
  endfacet
  facet normal -0.661324 0 0.750101
    outer loop
      vertex -18.7968 2 20.0631
      vertex -18.8557 8 20.0112
      vertex -18.8557 2 20.0112
    endloop
  endfacet
  facet normal 0.91776 -0 0.397136
    outer loop
      vertex -16.869 7.9 19.6322
      vertex -16.8378 8 19.5602
      vertex -16.869 8 19.6322
    endloop
  endfacet
  facet normal 0.91776 0 0.397136
    outer loop
      vertex -16.8378 8 19.5602
      vertex -16.869 7.9 19.6322
      vertex -16.8378 7.9 19.5602
    endloop
  endfacet
  facet normal -0.156445 0 0.987687
    outer loop
      vertex -18.2342 8 20.3279
      vertex -18.1567 2 20.3401
      vertex -18.1567 8 20.3401
    endloop
  endfacet
  facet normal -0.156445 0 0.987687
    outer loop
      vertex -18.1567 2 20.3401
      vertex -18.2342 8 20.3279
      vertex -18.2342 2 20.3279
    endloop
  endfacet
  facet normal 0.278985 0 -0.960295
    outer loop
      vertex -17.6891 7.9 17.8893
      vertex -17.6137 8 17.9112
      vertex -17.6137 7.9 17.9112
    endloop
  endfacet
  facet normal 0.278985 0 -0.960295
    outer loop
      vertex -17.6137 8 17.9112
      vertex -17.6891 7.9 17.8893
      vertex -17.6891 8 17.8893
    endloop
  endfacet
  facet normal 0.218136 0 0.975918
    outer loop
      vertex -17.7658 8 20.3279
      vertex -17.6891 2 20.3107
      vertex -17.6891 8 20.3107
    endloop
  endfacet
  facet normal 0.218136 0 0.975918
    outer loop
      vertex -17.6891 2 20.3107
      vertex -17.7658 8 20.3279
      vertex -17.7658 2 20.3279
    endloop
  endfacet
  facet normal 0.661311 0 0.750111
    outer loop
      vertex -17.2032 8 20.0631
      vertex -17.1443 7.9 20.0112
      vertex -17.1443 8 20.0112
    endloop
  endfacet
  facet normal 0.661311 0 0.750111
    outer loop
      vertex -17.1443 7.9 20.0112
      vertex -17.2032 8 20.0631
      vertex -17.2032 7.9 20.0631
    endloop
  endfacet
  facet normal -0.975912 0 0.218165
    outer loop
      vertex -19.2279 2 19.3342
      vertex -19.2107 8 19.4109
      vertex -19.2279 8 19.3342
    endloop
  endfacet
  facet normal -0.975912 0 0.218165
    outer loop
      vertex -19.2107 8 19.4109
      vertex -19.2279 2 19.3342
      vertex -19.2107 2 19.4109
    endloop
  endfacet
  facet normal -0.827081 0 0.562083
    outer loop
      vertex -19.0554 2 19.7698
      vertex -19.0113 8 19.8347
      vertex -19.0554 8 19.7698
    endloop
  endfacet
  facet normal -0.827081 0 0.562083
    outer loop
      vertex -19.0113 8 19.8347
      vertex -19.0554 2 19.7698
      vertex -19.0113 2 19.8347
    endloop
  endfacet
  facet normal -0.960295 0 0.278985
    outer loop
      vertex -19.2107 2 19.4109
      vertex -19.1888 8 19.4863
      vertex -19.2107 8 19.4109
    endloop
  endfacet
  facet normal -0.960295 0 0.278985
    outer loop
      vertex -19.1888 8 19.4863
      vertex -19.2107 2 19.4109
      vertex -19.1888 2 19.4863
    endloop
  endfacet
  facet normal -0.453982 0 0.891011
    outer loop
      vertex -18.6022 8 20.1954
      vertex -18.5322 2 20.231
      vertex -18.5322 8 20.231
    endloop
  endfacet
  facet normal -0.453982 0 0.891011
    outer loop
      vertex -18.5322 2 20.231
      vertex -18.6022 8 20.1954
      vertex -18.6022 2 20.1954
    endloop
  endfacet
  facet normal -0.509053 0 0.860735
    outer loop
      vertex -18.6698 8 20.1554
      vertex -18.6022 2 20.1954
      vertex -18.6022 8 20.1954
    endloop
  endfacet
  facet normal -0.509053 0 0.860735
    outer loop
      vertex -18.6022 2 20.1954
      vertex -18.6698 8 20.1554
      vertex -18.6698 2 20.1554
    endloop
  endfacet
  facet normal -0.0940961 0 0.995563
    outer loop
      vertex -18.1567 8 20.3401
      vertex -18.0785 2 20.3475
      vertex -18.0785 8 20.3475
    endloop
  endfacet
  facet normal -0.0940961 0 0.995563
    outer loop
      vertex -18.0785 2 20.3475
      vertex -18.1567 8 20.3401
      vertex -18.1567 2 20.3401
    endloop
  endfacet
  facet normal 0.0940961 0 -0.995563
    outer loop
      vertex -17.9215 7.9 17.8525
      vertex -17.8433 8 17.8599
      vertex -17.8433 7.9 17.8599
    endloop
  endfacet
  facet normal 0.0940961 0 -0.995563
    outer loop
      vertex -17.8433 8 17.8599
      vertex -17.9215 7.9 17.8525
      vertex -17.9215 8 17.8525
    endloop
  endfacet
  facet normal 0.453992 0 -0.891006
    outer loop
      vertex -17.4678 7.9 17.969
      vertex -17.3978 8 18.0046
      vertex -17.3978 7.9 18.0046
    endloop
  endfacet
  facet normal 0.453992 0 -0.891006
    outer loop
      vertex -17.3978 8 18.0046
      vertex -17.4678 7.9 17.969
      vertex -17.4678 8 17.969
    endloop
  endfacet
  facet normal 0.975917 -0 0.218142
    outer loop
      vertex -16.7893 7.9 19.4109
      vertex -16.7721 8 19.3342
      vertex -16.7893 8 19.4109
    endloop
  endfacet
  facet normal 0.975917 0 0.218142
    outer loop
      vertex -16.7721 8 19.3342
      vertex -16.7893 7.9 19.4109
      vertex -16.7721 7.9 19.3342
    endloop
  endfacet
  facet normal 0.98769 -0 0.156422
    outer loop
      vertex -16.7721 7.9 19.3342
      vertex -16.7599 8 19.2567
      vertex -16.7721 8 19.3342
    endloop
  endfacet
  facet normal 0.98769 0 0.156422
    outer loop
      vertex -16.7599 8 19.2567
      vertex -16.7721 7.9 19.3342
      vertex -16.7599 7.9 19.2567
    endloop
  endfacet
  facet normal 0.940882 -0 0.338734
    outer loop
      vertex -16.8378 7.9 19.5602
      vertex -16.8112 8 19.4863
      vertex -16.8378 8 19.5602
    endloop
  endfacet
  facet normal 0.940882 0 0.338734
    outer loop
      vertex -16.8112 8 19.4863
      vertex -16.8378 7.9 19.5602
      vertex -16.8112 7.9 19.4863
    endloop
  endfacet
  facet normal 0.79016 -0 0.612901
    outer loop
      vertex -17.0369 7.9 19.8968
      vertex -16.9887 8 19.8347
      vertex -17.0369 8 19.8968
    endloop
  endfacet
  facet normal 0.79016 0 0.612901
    outer loop
      vertex -16.9887 8 19.8347
      vertex -17.0369 7.9 19.8968
      vertex -16.9887 7.9 19.8347
    endloop
  endfacet
  facet normal 0.827081 -0 0.562083
    outer loop
      vertex -16.9887 7.9 19.8347
      vertex -16.9446 8 19.7698
      vertex -16.9887 8 19.8347
    endloop
  endfacet
  facet normal 0.827081 0 0.562083
    outer loop
      vertex -16.9446 8 19.7698
      vertex -16.9887 7.9 19.8347
      vertex -16.9446 7.9 19.7698
    endloop
  endfacet
  facet normal 0.891001 -0 0.454001
    outer loop
      vertex -16.9046 7.9 19.7022
      vertex -16.869 8 19.6322
      vertex -16.9046 8 19.7022
    endloop
  endfacet
  facet normal 0.891001 0 0.454001
    outer loop
      vertex -16.869 8 19.6322
      vertex -16.9046 7.9 19.7022
      vertex -16.869 7.9 19.6322
    endloop
  endfacet
  facet normal 0.156445 0 0.987687
    outer loop
      vertex -17.8433 8 20.3401
      vertex -17.7658 2 20.3279
      vertex -17.7658 8 20.3279
    endloop
  endfacet
  facet normal 0.156445 0 0.987687
    outer loop
      vertex -17.7658 2 20.3279
      vertex -17.8433 8 20.3401
      vertex -17.8433 2 20.3401
    endloop
  endfacet
  facet normal 0.278985 0 0.960295
    outer loop
      vertex -17.6891 8 20.3107
      vertex -17.6137 2 20.2888
      vertex -17.6137 8 20.2888
    endloop
  endfacet
  facet normal 0.278985 0 0.960295
    outer loop
      vertex -17.6137 2 20.2888
      vertex -17.6891 8 20.3107
      vertex -17.6891 2 20.3107
    endloop
  endfacet
  facet normal 0.397147 0 0.917755
    outer loop
      vertex -17.5398 8 20.2622
      vertex -17.4678 2 20.231
      vertex -17.4678 8 20.231
    endloop
  endfacet
  facet normal 0.397147 0 0.917755
    outer loop
      vertex -17.4678 2 20.231
      vertex -17.5398 8 20.2622
      vertex -17.5398 2 20.2622
    endloop
  endfacet
  facet normal 0.509042 0 0.860742
    outer loop
      vertex -17.3978 8 20.1954
      vertex -17.3302 2 20.1554
      vertex -17.3302 8 20.1554
    endloop
  endfacet
  facet normal 0.509042 0 0.860742
    outer loop
      vertex -17.3302 2 20.1554
      vertex -17.3978 8 20.1954
      vertex -17.3978 2 20.1954
    endloop
  endfacet
  facet normal -0.98769 0 0.156422
    outer loop
      vertex -19.2401 2 19.2567
      vertex -19.2279 8 19.3342
      vertex -19.2401 8 19.2567
    endloop
  endfacet
  facet normal -0.98769 0 0.156422
    outer loop
      vertex -19.2279 8 19.3342
      vertex -19.2401 2 19.2567
      vertex -19.2279 2 19.3342
    endloop
  endfacet
  facet normal -0.917751 0 0.397156
    outer loop
      vertex -19.1622 2 19.5602
      vertex -19.131 8 19.6322
      vertex -19.1622 8 19.5602
    endloop
  endfacet
  facet normal -0.917751 0 0.397156
    outer loop
      vertex -19.131 8 19.6322
      vertex -19.1622 2 19.5602
      vertex -19.131 2 19.6322
    endloop
  endfacet
  facet normal -0.860735 0 0.509053
    outer loop
      vertex -19.0954 2 19.7022
      vertex -19.0554 8 19.7698
      vertex -19.0954 8 19.7022
    endloop
  endfacet
  facet normal -0.860735 0 0.509053
    outer loop
      vertex -19.0554 8 19.7698
      vertex -19.0954 2 19.7022
      vertex -19.0554 2 19.7698
    endloop
  endfacet
  facet normal -0.338734 0 0.940882
    outer loop
      vertex -18.4602 8 20.2622
      vertex -18.3863 2 20.2888
      vertex -18.3863 8 20.2888
    endloop
  endfacet
  facet normal -0.338734 0 0.940882
    outer loop
      vertex -18.3863 2 20.2888
      vertex -18.4602 8 20.2622
      vertex -18.4602 2 20.2622
    endloop
  endfacet
  facet normal -0.218142 0 0.975917
    outer loop
      vertex -18.3109 8 20.3107
      vertex -18.2342 2 20.3279
      vertex -18.2342 8 20.3279
    endloop
  endfacet
  facet normal -0.218142 0 0.975917
    outer loop
      vertex -18.2342 2 20.3279
      vertex -18.3109 8 20.3107
      vertex -18.3109 2 20.3107
    endloop
  endfacet
  facet normal -0.0314304 0 0.999506
    outer loop
      vertex -18.0785 8 20.3475
      vertex -18 2 20.35
      vertex -18 8 20.35
    endloop
  endfacet
  facet normal -0.0314304 0 0.999506
    outer loop
      vertex -18 2 20.35
      vertex -18.0785 8 20.3475
      vertex -18.0785 2 20.3475
    endloop
  endfacet
  facet normal 0.999507 0 -0.0314054
    outer loop
      vertex -16.75 7.9 19.1
      vertex -16.7525 8 19.0215
      vertex -16.75 8 19.1
    endloop
  endfacet
  facet normal 0.999507 0 -0.0314054
    outer loop
      vertex -16.7525 8 19.0215
      vertex -16.75 7.9 19.1
      vertex -16.7525 7.9 19.0215
    endloop
  endfacet
  facet normal 0.940882 0 -0.338734
    outer loop
      vertex -16.8112 7.9 18.7137
      vertex -16.8378 8 18.6398
      vertex -16.8112 8 18.7137
    endloop
  endfacet
  facet normal 0.940882 0 -0.338734
    outer loop
      vertex -16.8378 8 18.6398
      vertex -16.8112 7.9 18.7137
      vertex -16.8378 7.9 18.6398
    endloop
  endfacet
  facet normal 0.750101 0 -0.661324
    outer loop
      vertex -17.0369 7.9 18.3032
      vertex -17.0888 8 18.2443
      vertex -17.0369 8 18.3032
    endloop
  endfacet
  facet normal 0.750101 0 -0.661324
    outer loop
      vertex -17.0888 8 18.2443
      vertex -17.0369 7.9 18.3032
      vertex -17.0888 7.9 18.2443
    endloop
  endfacet
  facet normal -0.707107 0 -0.707107
    outer loop
      vertex -18.8557 2 18.1888
      vertex -18.9112 8 18.2443
      vertex -18.8557 8 18.1888
    endloop
  endfacet
  facet normal -0.707107 -0 -0.707107
    outer loop
      vertex -18.9112 8 18.2443
      vertex -18.8557 2 18.1888
      vertex -18.9112 2 18.2443
    endloop
  endfacet
  facet normal -0.338734 0 -0.940882
    outer loop
      vertex -18.4602 7.9 17.9378
      vertex -18.3863 8 17.9112
      vertex -18.3863 7.9 17.9112
    endloop
  endfacet
  facet normal -0.338734 0 -0.940882
    outer loop
      vertex -18.3863 8 17.9112
      vertex -18.4602 7.9 17.9378
      vertex -18.4602 8 17.9378
    endloop
  endfacet
  facet normal -0.960295 0 -0.278985
    outer loop
      vertex -19.1888 2 18.7137
      vertex -19.2107 8 18.7891
      vertex -19.1888 8 18.7137
    endloop
  endfacet
  facet normal -0.960295 -0 -0.278985
    outer loop
      vertex -19.2107 8 18.7891
      vertex -19.1888 2 18.7137
      vertex -19.2107 2 18.7891
    endloop
  endfacet
  facet normal -0.98769 0 -0.156422
    outer loop
      vertex -19.2279 2 18.8658
      vertex -19.2401 8 18.9433
      vertex -19.2279 8 18.8658
    endloop
  endfacet
  facet normal -0.98769 -0 -0.156422
    outer loop
      vertex -19.2401 8 18.9433
      vertex -19.2279 2 18.8658
      vertex -19.2401 2 18.9433
    endloop
  endfacet
  facet normal -0.975912 0 -0.218165
    outer loop
      vertex -19.2107 2 18.7891
      vertex -19.2279 8 18.8658
      vertex -19.2107 8 18.7891
    endloop
  endfacet
  facet normal -0.975912 -0 -0.218165
    outer loop
      vertex -19.2279 8 18.8658
      vertex -19.2107 2 18.7891
      vertex -19.2279 2 18.8658
    endloop
  endfacet
  facet normal 0 1 0
    outer loop
      vertex -17.9215 8 20.3475
      vertex -18.0785 8 20.3475
      vertex -18 8 20.35
    endloop
  endfacet
  facet normal 0 1 0
    outer loop
      vertex -17.8433 8 20.3401
      vertex -18.0785 8 20.3475
      vertex -17.9215 8 20.3475
    endloop
  endfacet
  facet normal 0 1 0
    outer loop
      vertex -17.8433 8 20.3401
      vertex -18.1567 8 20.3401
      vertex -18.0785 8 20.3475
    endloop
  endfacet
  facet normal 0 1 0
    outer loop
      vertex -17.7658 8 20.3279
      vertex -18.1567 8 20.3401
      vertex -17.8433 8 20.3401
    endloop
  endfacet
  facet normal 0 1 0
    outer loop
      vertex -17.7658 8 20.3279
      vertex -18.2342 8 20.3279
      vertex -18.1567 8 20.3401
    endloop
  endfacet
  facet normal 0 1 0
    outer loop
      vertex -17.6891 8 20.3107
      vertex -18.2342 8 20.3279
      vertex -17.7658 8 20.3279
    endloop
  endfacet
  facet normal 0 1 0
    outer loop
      vertex -17.6891 8 20.3107
      vertex -18.3109 8 20.3107
      vertex -18.2342 8 20.3279
    endloop
  endfacet
  facet normal 0 1 0
    outer loop
      vertex -17.6137 8 20.2888
      vertex -18.3109 8 20.3107
      vertex -17.6891 8 20.3107
    endloop
  endfacet
  facet normal 0 1 0
    outer loop
      vertex -17.6137 8 20.2888
      vertex -18.3863 8 20.2888
      vertex -18.3109 8 20.3107
    endloop
  endfacet
  facet normal 0 1 0
    outer loop
      vertex -17.5398 8 20.2622
      vertex -18.3863 8 20.2888
      vertex -17.6137 8 20.2888
    endloop
  endfacet
  facet normal 0 1 0
    outer loop
      vertex -17.5398 8 20.2622
      vertex -18.4602 8 20.2622
      vertex -18.3863 8 20.2888
    endloop
  endfacet
  facet normal 0 1 0
    outer loop
      vertex -17.4678 8 20.231
      vertex -18.4602 8 20.2622
      vertex -17.5398 8 20.2622
    endloop
  endfacet
  facet normal 0 1 0
    outer loop
      vertex -17.4678 8 20.231
      vertex -18.5322 8 20.231
      vertex -18.4602 8 20.2622
    endloop
  endfacet
  facet normal 0 1 0
    outer loop
      vertex -17.3978 8 20.1954
      vertex -18.5322 8 20.231
      vertex -17.4678 8 20.231
    endloop
  endfacet
  facet normal 0 1 0
    outer loop
      vertex -17.3978 8 20.1954
      vertex -18.6022 8 20.1954
      vertex -18.5322 8 20.231
    endloop
  endfacet
  facet normal 0 1 0
    outer loop
      vertex -17.3302 8 20.1554
      vertex -18.6022 8 20.1954
      vertex -17.3978 8 20.1954
    endloop
  endfacet
  facet normal 0 1 0
    outer loop
      vertex -17.3302 8 20.1554
      vertex -18.6698 8 20.1554
      vertex -18.6022 8 20.1954
    endloop
  endfacet
  facet normal 0 1 0
    outer loop
      vertex -17.2653 8 20.1113
      vertex -18.6698 8 20.1554
      vertex -17.3302 8 20.1554
    endloop
  endfacet
  facet normal 0 1 0
    outer loop
      vertex -17.2653 8 20.1113
      vertex -18.7347 8 20.1113
      vertex -18.6698 8 20.1554
    endloop
  endfacet
  facet normal 0 1 0
    outer loop
      vertex -17.2032 8 20.0631
      vertex -18.7347 8 20.1113
      vertex -17.2653 8 20.1113
    endloop
  endfacet
  facet normal 0 1 0
    outer loop
      vertex -17.2032 8 20.0631
      vertex -18.7968 8 20.0631
      vertex -18.7347 8 20.1113
    endloop
  endfacet
  facet normal 0 1 0
    outer loop
      vertex -17.1443 8 20.0112
      vertex -18.7968 8 20.0631
      vertex -17.2032 8 20.0631
    endloop
  endfacet
  facet normal 0 1 0
    outer loop
      vertex -17.1443 8 20.0112
      vertex -18.8557 8 20.0112
      vertex -18.7968 8 20.0631
    endloop
  endfacet
  facet normal 0 1 0
    outer loop
      vertex -17.0888 8 19.9557
      vertex -18.8557 8 20.0112
      vertex -17.1443 8 20.0112
    endloop
  endfacet
  facet normal 0 1 0
    outer loop
      vertex -17.0888 8 19.9557
      vertex -18.9112 8 19.9557
      vertex -18.8557 8 20.0112
    endloop
  endfacet
  facet normal 0 1 0
    outer loop
      vertex -17.0369 8 19.8968
      vertex -18.9112 8 19.9557
      vertex -17.0888 8 19.9557
    endloop
  endfacet
  facet normal 0 1 0
    outer loop
      vertex -17.0369 8 19.8968
      vertex -18.9631 8 19.8968
      vertex -18.9112 8 19.9557
    endloop
  endfacet
  facet normal 0 1 0
    outer loop
      vertex -16.9887 8 19.8347
      vertex -18.9631 8 19.8968
      vertex -17.0369 8 19.8968
    endloop
  endfacet
  facet normal 0 1 0
    outer loop
      vertex -16.9887 8 19.8347
      vertex -19.0113 8 19.8347
      vertex -18.9631 8 19.8968
    endloop
  endfacet
  facet normal 0 1 0
    outer loop
      vertex -16.9446 8 19.7698
      vertex -19.0113 8 19.8347
      vertex -16.9887 8 19.8347
    endloop
  endfacet
  facet normal 0 1 0
    outer loop
      vertex -16.9446 8 19.7698
      vertex -19.0554 8 19.7698
      vertex -19.0113 8 19.8347
    endloop
  endfacet
  facet normal 0 1 0
    outer loop
      vertex -16.9046 8 19.7022
      vertex -19.0554 8 19.7698
      vertex -16.9446 8 19.7698
    endloop
  endfacet
  facet normal 0 1 0
    outer loop
      vertex -16.9046 8 19.7022
      vertex -19.0954 8 19.7022
      vertex -19.0554 8 19.7698
    endloop
  endfacet
  facet normal 0 1 0
    outer loop
      vertex -16.869 8 19.6322
      vertex -19.0954 8 19.7022
      vertex -16.9046 8 19.7022
    endloop
  endfacet
  facet normal 0 1 0
    outer loop
      vertex -16.869 8 19.6322
      vertex -19.131 8 19.6322
      vertex -19.0954 8 19.7022
    endloop
  endfacet
  facet normal 0 1 0
    outer loop
      vertex -16.8378 8 19.5602
      vertex -19.131 8 19.6322
      vertex -16.869 8 19.6322
    endloop
  endfacet
  facet normal 0 1 0
    outer loop
      vertex -16.8378 8 19.5602
      vertex -19.1622 8 19.5602
      vertex -19.131 8 19.6322
    endloop
  endfacet
  facet normal 0 1 0
    outer loop
      vertex -16.8112 8 19.4863
      vertex -19.1622 8 19.5602
      vertex -16.8378 8 19.5602
    endloop
  endfacet
  facet normal 0 1 0
    outer loop
      vertex -16.8112 8 19.4863
      vertex -19.1888 8 19.4863
      vertex -19.1622 8 19.5602
    endloop
  endfacet
  facet normal 0 1 0
    outer loop
      vertex -16.7893 8 19.4109
      vertex -19.1888 8 19.4863
      vertex -16.8112 8 19.4863
    endloop
  endfacet
  facet normal 0 1 0
    outer loop
      vertex -16.7893 8 19.4109
      vertex -19.2107 8 19.4109
      vertex -19.1888 8 19.4863
    endloop
  endfacet
  facet normal 0 1 0
    outer loop
      vertex -16.7721 8 19.3342
      vertex -19.2107 8 19.4109
      vertex -16.7893 8 19.4109
    endloop
  endfacet
  facet normal 0 1 0
    outer loop
      vertex -16.7721 8 19.3342
      vertex -19.2279 8 19.3342
      vertex -19.2107 8 19.4109
    endloop
  endfacet
  facet normal 0 1 0
    outer loop
      vertex -16.7599 8 19.2567
      vertex -19.2279 8 19.3342
      vertex -16.7721 8 19.3342
    endloop
  endfacet
  facet normal 0 1 0
    outer loop
      vertex -16.7599 8 19.2567
      vertex -19.2401 8 19.2567
      vertex -19.2279 8 19.3342
    endloop
  endfacet
  facet normal 0 1 0
    outer loop
      vertex -16.7525 8 19.1785
      vertex -19.2401 8 19.2567
      vertex -16.7599 8 19.2567
    endloop
  endfacet
  facet normal 0 1 0
    outer loop
      vertex -16.7525 8 19.1785
      vertex -19.2475 8 19.1785
      vertex -19.2401 8 19.2567
    endloop
  endfacet
  facet normal 0 1 0
    outer loop
      vertex -16.75 8 19.1
      vertex -19.2475 8 19.1785
      vertex -16.7525 8 19.1785
    endloop
  endfacet
  facet normal 0 1 0
    outer loop
      vertex -16.75 8 19.1
      vertex -19.25 8 19.1
      vertex -19.2475 8 19.1785
    endloop
  endfacet
  facet normal 0 1 -0
    outer loop
      vertex -16.7525 8 19.0215
      vertex -19.25 8 19.1
      vertex -16.75 8 19.1
    endloop
  endfacet
  facet normal 0 1 0
    outer loop
      vertex -16.7525 8 19.0215
      vertex -19.2475 8 19.0215
      vertex -19.25 8 19.1
    endloop
  endfacet
  facet normal 0 1 -0
    outer loop
      vertex -16.7599 8 18.9433
      vertex -19.2475 8 19.0215
      vertex -16.7525 8 19.0215
    endloop
  endfacet
  facet normal 0 1 0
    outer loop
      vertex -16.7599 8 18.9433
      vertex -19.2401 8 18.9433
      vertex -19.2475 8 19.0215
    endloop
  endfacet
  facet normal 0 1 -0
    outer loop
      vertex -16.7721 8 18.8658
      vertex -19.2401 8 18.9433
      vertex -16.7599 8 18.9433
    endloop
  endfacet
  facet normal 0 1 0
    outer loop
      vertex -16.7721 8 18.8658
      vertex -19.2279 8 18.8658
      vertex -19.2401 8 18.9433
    endloop
  endfacet
  facet normal 0 1 -0
    outer loop
      vertex -16.7893 8 18.7891
      vertex -19.2279 8 18.8658
      vertex -16.7721 8 18.8658
    endloop
  endfacet
  facet normal 0 1 0
    outer loop
      vertex -16.7893 8 18.7891
      vertex -19.2107 8 18.7891
      vertex -19.2279 8 18.8658
    endloop
  endfacet
  facet normal 0 1 -0
    outer loop
      vertex -16.8112 8 18.7137
      vertex -19.2107 8 18.7891
      vertex -16.7893 8 18.7891
    endloop
  endfacet
  facet normal 0 1 0
    outer loop
      vertex -16.8112 8 18.7137
      vertex -19.1888 8 18.7137
      vertex -19.2107 8 18.7891
    endloop
  endfacet
  facet normal 0 1 -0
    outer loop
      vertex -16.8378 8 18.6398
      vertex -19.1888 8 18.7137
      vertex -16.8112 8 18.7137
    endloop
  endfacet
  facet normal 0 1 0
    outer loop
      vertex -16.8378 8 18.6398
      vertex -19.1622 8 18.6398
      vertex -19.1888 8 18.7137
    endloop
  endfacet
  facet normal 0 1 -0
    outer loop
      vertex -16.869 8 18.5678
      vertex -19.1622 8 18.6398
      vertex -16.8378 8 18.6398
    endloop
  endfacet
  facet normal 0 1 0
    outer loop
      vertex -16.869 8 18.5678
      vertex -19.131 8 18.5678
      vertex -19.1622 8 18.6398
    endloop
  endfacet
  facet normal 0 1 -0
    outer loop
      vertex -16.9046 8 18.4978
      vertex -19.131 8 18.5678
      vertex -16.869 8 18.5678
    endloop
  endfacet
  facet normal 0 1 0
    outer loop
      vertex -16.9046 8 18.4978
      vertex -19.0954 8 18.4978
      vertex -19.131 8 18.5678
    endloop
  endfacet
  facet normal 0 1 -0
    outer loop
      vertex -16.9446 8 18.4302
      vertex -19.0954 8 18.4978
      vertex -16.9046 8 18.4978
    endloop
  endfacet
  facet normal 0 1 0
    outer loop
      vertex -16.9446 8 18.4302
      vertex -19.0554 8 18.4302
      vertex -19.0954 8 18.4978
    endloop
  endfacet
  facet normal 0 1 -0
    outer loop
      vertex -16.9887 8 18.3653
      vertex -19.0554 8 18.4302
      vertex -16.9446 8 18.4302
    endloop
  endfacet
  facet normal 0 1 0
    outer loop
      vertex -16.9887 8 18.3653
      vertex -19.0113 8 18.3653
      vertex -19.0554 8 18.4302
    endloop
  endfacet
  facet normal 0 1 -0
    outer loop
      vertex -17.0369 8 18.3032
      vertex -19.0113 8 18.3653
      vertex -16.9887 8 18.3653
    endloop
  endfacet
  facet normal 0 1 0
    outer loop
      vertex -17.0369 8 18.3032
      vertex -18.9631 8 18.3032
      vertex -19.0113 8 18.3653
    endloop
  endfacet
  facet normal 0 1 -0
    outer loop
      vertex -17.0888 8 18.2443
      vertex -18.9631 8 18.3032
      vertex -17.0369 8 18.3032
    endloop
  endfacet
  facet normal 0 1 0
    outer loop
      vertex -17.0888 8 18.2443
      vertex -18.9112 8 18.2443
      vertex -18.9631 8 18.3032
    endloop
  endfacet
  facet normal 0 1 -0
    outer loop
      vertex -17.1443 8 18.1888
      vertex -18.9112 8 18.2443
      vertex -17.0888 8 18.2443
    endloop
  endfacet
  facet normal 0 1 0
    outer loop
      vertex -17.1443 8 18.1888
      vertex -18.8557 8 18.1888
      vertex -18.9112 8 18.2443
    endloop
  endfacet
  facet normal 0 1 -0
    outer loop
      vertex -17.2032 8 18.1369
      vertex -18.8557 8 18.1888
      vertex -17.1443 8 18.1888
    endloop
  endfacet
  facet normal 0 1 0
    outer loop
      vertex -17.2032 8 18.1369
      vertex -18.7968 8 18.1369
      vertex -18.8557 8 18.1888
    endloop
  endfacet
  facet normal 0 1 -0
    outer loop
      vertex -17.2653 8 18.0887
      vertex -18.7968 8 18.1369
      vertex -17.2032 8 18.1369
    endloop
  endfacet
  facet normal 0 1 0
    outer loop
      vertex -17.2653 8 18.0887
      vertex -18.7347 8 18.0887
      vertex -18.7968 8 18.1369
    endloop
  endfacet
  facet normal 0 1 -0
    outer loop
      vertex -17.3302 8 18.0446
      vertex -18.7347 8 18.0887
      vertex -17.2653 8 18.0887
    endloop
  endfacet
  facet normal 0 1 0
    outer loop
      vertex -17.3302 8 18.0446
      vertex -18.6698 8 18.0446
      vertex -18.7347 8 18.0887
    endloop
  endfacet
  facet normal 0 1 -0
    outer loop
      vertex -17.3978 8 18.0046
      vertex -18.6698 8 18.0446
      vertex -17.3302 8 18.0446
    endloop
  endfacet
  facet normal 0 1 0
    outer loop
      vertex -17.3978 8 18.0046
      vertex -18.6022 8 18.0046
      vertex -18.6698 8 18.0446
    endloop
  endfacet
  facet normal 0 1 -0
    outer loop
      vertex -17.4678 8 17.969
      vertex -18.6022 8 18.0046
      vertex -17.3978 8 18.0046
    endloop
  endfacet
  facet normal 0 1 0
    outer loop
      vertex -17.4678 8 17.969
      vertex -18.5322 8 17.969
      vertex -18.6022 8 18.0046
    endloop
  endfacet
  facet normal 0 1 -0
    outer loop
      vertex -17.5398 8 17.9378
      vertex -18.5322 8 17.969
      vertex -17.4678 8 17.969
    endloop
  endfacet
  facet normal 0 1 0
    outer loop
      vertex -17.5398 8 17.9378
      vertex -18.4602 8 17.9378
      vertex -18.5322 8 17.969
    endloop
  endfacet
  facet normal 0 1 -0
    outer loop
      vertex -17.6137 8 17.9112
      vertex -18.4602 8 17.9378
      vertex -17.5398 8 17.9378
    endloop
  endfacet
  facet normal 0 1 0
    outer loop
      vertex -17.6137 8 17.9112
      vertex -18.3863 8 17.9112
      vertex -18.4602 8 17.9378
    endloop
  endfacet
  facet normal 0 1 -0
    outer loop
      vertex -17.6891 8 17.8893
      vertex -18.3863 8 17.9112
      vertex -17.6137 8 17.9112
    endloop
  endfacet
  facet normal 0 1 0
    outer loop
      vertex -17.6891 8 17.8893
      vertex -18.3109 8 17.8893
      vertex -18.3863 8 17.9112
    endloop
  endfacet
  facet normal 0 1 -0
    outer loop
      vertex -17.7658 8 17.8721
      vertex -18.3109 8 17.8893
      vertex -17.6891 8 17.8893
    endloop
  endfacet
  facet normal 0 1 0
    outer loop
      vertex -17.7658 8 17.8721
      vertex -18.2342 8 17.8721
      vertex -18.3109 8 17.8893
    endloop
  endfacet
  facet normal 0 1 -0
    outer loop
      vertex -17.8433 8 17.8599
      vertex -18.2342 8 17.8721
      vertex -17.7658 8 17.8721
    endloop
  endfacet
  facet normal 0 1 0
    outer loop
      vertex -17.8433 8 17.8599
      vertex -18.1567 8 17.8599
      vertex -18.2342 8 17.8721
    endloop
  endfacet
  facet normal 0 1 -0
    outer loop
      vertex -17.9215 8 17.8525
      vertex -18.1567 8 17.8599
      vertex -17.8433 8 17.8599
    endloop
  endfacet
  facet normal 0 1 0
    outer loop
      vertex -17.9215 8 17.8525
      vertex -18.0785 8 17.8525
      vertex -18.1567 8 17.8599
    endloop
  endfacet
  facet normal -0 1 0
    outer loop
      vertex -18.0785 8 17.8525
      vertex -17.9215 8 17.8525
      vertex -18 8 17.85
    endloop
  endfacet
  facet normal 0.218136 0 -0.975918
    outer loop
      vertex -17.7658 7.9 17.8721
      vertex -17.6891 8 17.8893
      vertex -17.6891 7.9 17.8893
    endloop
  endfacet
  facet normal 0.218136 0 -0.975918
    outer loop
      vertex -17.6891 8 17.8893
      vertex -17.7658 7.9 17.8721
      vertex -17.7658 8 17.8721
    endloop
  endfacet
  facet normal 0.0314061 0 -0.999507
    outer loop
      vertex -18 7.9 17.85
      vertex -17.9215 8 17.8525
      vertex -17.9215 7.9 17.8525
    endloop
  endfacet
  facet normal 0.0314061 0 -0.999507
    outer loop
      vertex -17.9215 8 17.8525
      vertex -18 7.9 17.85
      vertex -18 8 17.85
    endloop
  endfacet
  facet normal 0.960289 -0 0.279007
    outer loop
      vertex -16.8112 7.9 19.4863
      vertex -16.7893 8 19.4109
      vertex -16.8112 8 19.4863
    endloop
  endfacet
  facet normal 0.960289 0 0.279007
    outer loop
      vertex -16.7893 8 19.4109
      vertex -16.8112 7.9 19.4863
      vertex -16.7893 7.9 19.4109
    endloop
  endfacet
  facet normal 0.750101 -0 0.661324
    outer loop
      vertex -17.0888 7.9 19.9557
      vertex -17.0369 8 19.8968
      vertex -17.0888 8 19.9557
    endloop
  endfacet
  facet normal 0.750101 0 0.661324
    outer loop
      vertex -17.0369 8 19.8968
      vertex -17.0888 7.9 19.9557
      vertex -17.0369 7.9 19.8968
    endloop
  endfacet
  facet normal 0.860746 -0 0.509035
    outer loop
      vertex -16.9446 7.9 19.7698
      vertex -16.9046 8 19.7022
      vertex -16.9446 8 19.7698
    endloop
  endfacet
  facet normal 0.860746 0 0.509035
    outer loop
      vertex -16.9046 8 19.7022
      vertex -16.9446 7.9 19.7698
      vertex -16.9046 7.9 19.7022
    endloop
  endfacet
  facet normal 0.338742 0 0.940879
    outer loop
      vertex -17.6137 8 20.2888
      vertex -17.5398 2 20.2622
      vertex -17.5398 8 20.2622
    endloop
  endfacet
  facet normal 0.338742 0 0.940879
    outer loop
      vertex -17.5398 2 20.2622
      vertex -17.6137 8 20.2888
      vertex -17.6137 2 20.2888
    endloop
  endfacet
  facet normal 0.0940961 0 0.995563
    outer loop
      vertex -17.9215 8 20.3475
      vertex -17.8433 2 20.3401
      vertex -17.8433 8 20.3401
    endloop
  endfacet
  facet normal 0.0940961 0 0.995563
    outer loop
      vertex -17.8433 2 20.3401
      vertex -17.9215 8 20.3475
      vertex -17.9215 2 20.3475
    endloop
  endfacet
  facet normal 0.453992 0 0.891006
    outer loop
      vertex -17.4678 8 20.231
      vertex -17.3978 2 20.1954
      vertex -17.3978 8 20.1954
    endloop
  endfacet
  facet normal 0.453992 0 0.891006
    outer loop
      vertex -17.3978 2 20.1954
      vertex -17.4678 8 20.231
      vertex -17.4678 2 20.231
    endloop
  endfacet
  facet normal 0.612917 0 0.790147
    outer loop
      vertex -17.2032 8 20.0631
      vertex -17.2507 7.9 20.1
      vertex -17.2032 7.9 20.0631
    endloop
  endfacet
  facet normal 0.612913 3.2119e-06 0.790151
    outer loop
      vertex -17.2653 8 20.1113
      vertex -17.2507 7.9 20.1
      vertex -17.2032 8 20.0631
    endloop
  endfacet
  facet normal 0.612899 -0 0.790161
    outer loop
      vertex -17.2653 2 20.1113
      vertex -17.2507 7.9 20.1
      vertex -17.2653 8 20.1113
    endloop
  endfacet
  facet normal 0.612899 0 0.790161
    outer loop
      vertex -17.2507 7.9 20.1
      vertex -17.2653 2 20.1113
      vertex -17.2507 2 20.1
    endloop
  endfacet
  facet normal 0.562083 0 0.827081
    outer loop
      vertex -17.3302 8 20.1554
      vertex -17.2653 2 20.1113
      vertex -17.2653 8 20.1113
    endloop
  endfacet
  facet normal 0.562083 0 0.827081
    outer loop
      vertex -17.2653 2 20.1113
      vertex -17.3302 8 20.1554
      vertex -17.3302 2 20.1554
    endloop
  endfacet
  facet normal -0.750089 0 0.661337
    outer loop
      vertex -18.9631 2 19.8968
      vertex -18.9112 8 19.9557
      vertex -18.9631 8 19.8968
    endloop
  endfacet
  facet normal -0.750089 0 0.661337
    outer loop
      vertex -18.9112 8 19.9557
      vertex -18.9631 2 19.8968
      vertex -18.9112 2 19.9557
    endloop
  endfacet
  facet normal -0.790172 0 0.612886
    outer loop
      vertex -19.0113 2 19.8347
      vertex -18.9631 8 19.8968
      vertex -19.0113 8 19.8347
    endloop
  endfacet
  facet normal -0.790172 0 0.612886
    outer loop
      vertex -18.9631 8 19.8968
      vertex -19.0113 2 19.8347
      vertex -18.9631 2 19.8968
    endloop
  endfacet
  facet normal -0.891011 0 0.453982
    outer loop
      vertex -19.131 2 19.6322
      vertex -19.0954 8 19.7022
      vertex -19.131 8 19.6322
    endloop
  endfacet
  facet normal -0.891011 0 0.453982
    outer loop
      vertex -19.0954 8 19.7022
      vertex -19.131 2 19.6322
      vertex -19.0954 2 19.7022
    endloop
  endfacet
  facet normal -0.940882 0 0.338734
    outer loop
      vertex -19.1888 2 19.4863
      vertex -19.1622 8 19.5602
      vertex -19.1888 8 19.4863
    endloop
  endfacet
  facet normal -0.940882 0 0.338734
    outer loop
      vertex -19.1622 8 19.5602
      vertex -19.1888 2 19.4863
      vertex -19.1622 2 19.5602
    endloop
  endfacet
  facet normal -0.995563 0 0.0940961
    outer loop
      vertex -19.2475 2 19.1785
      vertex -19.2401 8 19.2567
      vertex -19.2475 8 19.1785
    endloop
  endfacet
  facet normal -0.995563 0 0.0940961
    outer loop
      vertex -19.2401 8 19.2567
      vertex -19.2475 2 19.1785
      vertex -19.2401 2 19.2567
    endloop
  endfacet
  facet normal -0.397156 0 0.917751
    outer loop
      vertex -18.5322 8 20.231
      vertex -18.4602 2 20.2622
      vertex -18.4602 8 20.2622
    endloop
  endfacet
  facet normal -0.397156 0 0.917751
    outer loop
      vertex -18.4602 2 20.2622
      vertex -18.5322 8 20.231
      vertex -18.5322 2 20.231
    endloop
  endfacet
  facet normal -0.562083 0 0.827081
    outer loop
      vertex -18.7347 8 20.1113
      vertex -18.6698 2 20.1554
      vertex -18.6698 8 20.1554
    endloop
  endfacet
  facet normal -0.562083 0 0.827081
    outer loop
      vertex -18.6698 2 20.1554
      vertex -18.7347 8 20.1113
      vertex -18.7347 2 20.1113
    endloop
  endfacet
  facet normal -0.612901 0 0.79016
    outer loop
      vertex -18.7968 8 20.0631
      vertex -18.7347 2 20.1113
      vertex -18.7347 8 20.1113
    endloop
  endfacet
  facet normal -0.612901 0 0.79016
    outer loop
      vertex -18.7347 2 20.1113
      vertex -18.7968 8 20.0631
      vertex -18.7968 2 20.0631
    endloop
  endfacet
  facet normal -0.278985 0 0.960295
    outer loop
      vertex -18.3863 8 20.2888
      vertex -18.3109 2 20.3107
      vertex -18.3109 8 20.3107
    endloop
  endfacet
  facet normal -0.278985 0 0.960295
    outer loop
      vertex -18.3109 2 20.3107
      vertex -18.3863 8 20.2888
      vertex -18.3863 2 20.2888
    endloop
  endfacet
  facet normal 0.995561 0 -0.0941202
    outer loop
      vertex -16.7525 7.9 19.0215
      vertex -16.7599 8 18.9433
      vertex -16.7525 8 19.0215
    endloop
  endfacet
  facet normal 0.995561 0 -0.0941202
    outer loop
      vertex -16.7599 8 18.9433
      vertex -16.7525 7.9 19.0215
      vertex -16.7599 7.9 18.9433
    endloop
  endfacet
  facet normal 0.891001 0 -0.454001
    outer loop
      vertex -16.869 7.9 18.5678
      vertex -16.9046 8 18.4978
      vertex -16.869 8 18.5678
    endloop
  endfacet
  facet normal 0.891001 0 -0.454001
    outer loop
      vertex -16.9046 8 18.4978
      vertex -16.869 7.9 18.5678
      vertex -16.9046 7.9 18.4978
    endloop
  endfacet
  facet normal 0.960289 0 -0.279007
    outer loop
      vertex -16.7893 7.9 18.7891
      vertex -16.8112 8 18.7137
      vertex -16.7893 8 18.7891
    endloop
  endfacet
  facet normal 0.960289 0 -0.279007
    outer loop
      vertex -16.8112 8 18.7137
      vertex -16.7893 7.9 18.7891
      vertex -16.8112 7.9 18.7137
    endloop
  endfacet
  facet normal 0.707107 0 -0.707107
    outer loop
      vertex -17.0888 7.9 18.2443
      vertex -17.1443 8 18.1888
      vertex -17.0888 8 18.2443
    endloop
  endfacet
  facet normal 0.707107 0 -0.707107
    outer loop
      vertex -17.1443 8 18.1888
      vertex -17.0888 7.9 18.2443
      vertex -17.1443 7.9 18.1888
    endloop
  endfacet
  facet normal 0.509042 0 -0.860742
    outer loop
      vertex -17.3978 7.9 18.0046
      vertex -17.3302 8 18.0446
      vertex -17.3302 7.9 18.0446
    endloop
  endfacet
  facet normal 0.509042 0 -0.860742
    outer loop
      vertex -17.3302 8 18.0446
      vertex -17.3978 7.9 18.0046
      vertex -17.3978 8 18.0046
    endloop
  endfacet
  facet normal 0.661311 0 -0.750111
    outer loop
      vertex -17.2032 7.9 18.1369
      vertex -17.1443 8 18.1888
      vertex -17.1443 7.9 18.1888
    endloop
  endfacet
  facet normal 0.661311 0 -0.750111
    outer loop
      vertex -17.1443 8 18.1888
      vertex -17.2032 7.9 18.1369
      vertex -17.2032 8 18.1369
    endloop
  endfacet
  facet normal 0.612913 0 -0.790151
    outer loop
      vertex -17.2653 7.9 18.0887
      vertex -17.2032 8 18.1369
      vertex -17.2032 7.9 18.1369
    endloop
  endfacet
  facet normal 0.612913 0 -0.790151
    outer loop
      vertex -17.2032 8 18.1369
      vertex -17.2653 7.9 18.0887
      vertex -17.2653 8 18.0887
    endloop
  endfacet
  facet normal 0.860746 0 -0.509035
    outer loop
      vertex -16.9046 7.9 18.4978
      vertex -16.9446 8 18.4302
      vertex -16.9046 8 18.4978
    endloop
  endfacet
  facet normal 0.860746 0 -0.509035
    outer loop
      vertex -16.9446 8 18.4302
      vertex -16.9046 7.9 18.4978
      vertex -16.9446 7.9 18.4302
    endloop
  endfacet
  facet normal 0.79016 0 -0.612901
    outer loop
      vertex -16.9887 7.9 18.3653
      vertex -17.0369 8 18.3032
      vertex -16.9887 8 18.3653
    endloop
  endfacet
  facet normal 0.79016 0 -0.612901
    outer loop
      vertex -17.0369 8 18.3032
      vertex -16.9887 7.9 18.3653
      vertex -17.0369 7.9 18.3032
    endloop
  endfacet
  facet normal -0.509053 0 -0.860735
    outer loop
      vertex -18.6698 2 18.0446
      vertex -18.6022 8 18.0046
      vertex -18.6022 2 18.0046
    endloop
  endfacet
  facet normal -0.509053 0 -0.860735
    outer loop
      vertex -18.6022 8 18.0046
      vertex -18.6698 2 18.0446
      vertex -18.6698 8 18.0446
    endloop
  endfacet
  facet normal -0.940882 0 -0.338734
    outer loop
      vertex -19.1622 2 18.6398
      vertex -19.1888 8 18.7137
      vertex -19.1622 8 18.6398
    endloop
  endfacet
  facet normal -0.940882 -0 -0.338734
    outer loop
      vertex -19.1888 8 18.7137
      vertex -19.1622 2 18.6398
      vertex -19.1888 2 18.7137
    endloop
  endfacet
  facet normal -0.995563 0 -0.0940961
    outer loop
      vertex -19.2401 2 18.9433
      vertex -19.2475 8 19.0215
      vertex -19.2401 8 18.9433
    endloop
  endfacet
  facet normal -0.995563 -0 -0.0940961
    outer loop
      vertex -19.2475 8 19.0215
      vertex -19.2401 2 18.9433
      vertex -19.2475 2 19.0215
    endloop
  endfacet
  facet normal -0.999506 0 -0.0314296
    outer loop
      vertex -19.2475 2 19.0215
      vertex -19.25 8 19.1
      vertex -19.2475 8 19.0215
    endloop
  endfacet
  facet normal -0.999506 -0 -0.0314296
    outer loop
      vertex -19.25 8 19.1
      vertex -19.2475 2 19.0215
      vertex -19.25 2 19.1
    endloop
  endfacet
  facet normal 0.397147 0 -0.917755
    outer loop
      vertex -17.5398 7.9 17.9378
      vertex -17.4678 8 17.969
      vertex -17.4678 7.9 17.969
    endloop
  endfacet
  facet normal 0.397147 0 -0.917755
    outer loop
      vertex -17.4678 8 17.969
      vertex -17.5398 7.9 17.9378
      vertex -17.5398 8 17.9378
    endloop
  endfacet
  facet normal 0.338742 0 -0.940879
    outer loop
      vertex -17.6137 7.9 17.9112
      vertex -17.5398 8 17.9378
      vertex -17.5398 7.9 17.9378
    endloop
  endfacet
  facet normal 0.338742 0 -0.940879
    outer loop
      vertex -17.5398 8 17.9378
      vertex -17.6137 7.9 17.9112
      vertex -17.6137 8 17.9112
    endloop
  endfacet
  facet normal 0.156445 0 -0.987687
    outer loop
      vertex -17.8433 7.9 17.8599
      vertex -17.7658 8 17.8721
      vertex -17.7658 7.9 17.8721
    endloop
  endfacet
  facet normal 0.156445 0 -0.987687
    outer loop
      vertex -17.7658 8 17.8721
      vertex -17.8433 7.9 17.8599
      vertex -17.8433 8 17.8599
    endloop
  endfacet
  facet normal -0.707107 0 0.707107
    outer loop
      vertex -18.9112 2 19.9557
      vertex -18.8557 8 20.0112
      vertex -18.9112 8 19.9557
    endloop
  endfacet
  facet normal -0.707107 0 0.707107
    outer loop
      vertex -18.8557 8 20.0112
      vertex -18.9112 2 19.9557
      vertex -18.8557 2 20.0112
    endloop
  endfacet
  facet normal 0.91776 0 -0.397136
    outer loop
      vertex -16.8378 7.9 18.6398
      vertex -16.869 8 18.5678
      vertex -16.8378 8 18.6398
    endloop
  endfacet
  facet normal 0.91776 0 -0.397136
    outer loop
      vertex -16.869 8 18.5678
      vertex -16.8378 7.9 18.6398
      vertex -16.869 7.9 18.5678
    endloop
  endfacet
  facet normal 0.975917 0 -0.218142
    outer loop
      vertex -16.7721 7.9 18.8658
      vertex -16.7893 8 18.7891
      vertex -16.7721 8 18.8658
    endloop
  endfacet
  facet normal 0.975917 0 -0.218142
    outer loop
      vertex -16.7893 8 18.7891
      vertex -16.7721 7.9 18.8658
      vertex -16.7893 7.9 18.7891
    endloop
  endfacet
  facet normal 0.98769 0 -0.156422
    outer loop
      vertex -16.7599 7.9 18.9433
      vertex -16.7721 8 18.8658
      vertex -16.7599 8 18.9433
    endloop
  endfacet
  facet normal 0.98769 0 -0.156422
    outer loop
      vertex -16.7721 8 18.8658
      vertex -16.7599 7.9 18.9433
      vertex -16.7721 7.9 18.8658
    endloop
  endfacet
  facet normal 0.562083 0 -0.827081
    outer loop
      vertex -17.3302 7.9 18.0446
      vertex -17.2653 8 18.0887
      vertex -17.2653 7.9 18.0887
    endloop
  endfacet
  facet normal 0.562083 0 -0.827081
    outer loop
      vertex -17.2653 8 18.0887
      vertex -17.3302 7.9 18.0446
      vertex -17.3302 8 18.0446
    endloop
  endfacet
  facet normal 0.827081 0 -0.562083
    outer loop
      vertex -16.9446 7.9 18.4302
      vertex -16.9887 8 18.3653
      vertex -16.9446 8 18.4302
    endloop
  endfacet
  facet normal 0.827081 0 -0.562083
    outer loop
      vertex -16.9887 8 18.3653
      vertex -16.9446 7.9 18.4302
      vertex -16.9887 7.9 18.3653
    endloop
  endfacet
  facet normal -0.453982 0 -0.891011
    outer loop
      vertex -18.6022 2 18.0046
      vertex -18.5322 8 17.969
      vertex -18.5322 2 17.969
    endloop
  endfacet
  facet normal -0.453982 0 -0.891011
    outer loop
      vertex -18.5322 8 17.969
      vertex -18.6022 2 18.0046
      vertex -18.6022 8 18.0046
    endloop
  endfacet
  facet normal -0.218142 0 -0.975917
    outer loop
      vertex -18.3109 7.9 17.8893
      vertex -18.2342 8 17.8721
      vertex -18.2342 7.9 17.8721
    endloop
  endfacet
  facet normal -0.218142 0 -0.975917
    outer loop
      vertex -18.2342 8 17.8721
      vertex -18.3109 7.9 17.8893
      vertex -18.3109 8 17.8893
    endloop
  endfacet
  facet normal -0.156445 0 -0.987687
    outer loop
      vertex -18.2342 7.9 17.8721
      vertex -18.1567 8 17.8599
      vertex -18.1567 7.9 17.8599
    endloop
  endfacet
  facet normal -0.156445 0 -0.987687
    outer loop
      vertex -18.1567 8 17.8599
      vertex -18.2342 7.9 17.8721
      vertex -18.2342 8 17.8721
    endloop
  endfacet
  facet normal -0.0314061 0 -0.999507
    outer loop
      vertex -18.0785 7.9 17.8525
      vertex -18 8 17.85
      vertex -18 7.9 17.85
    endloop
  endfacet
  facet normal -0.0314061 0 -0.999507
    outer loop
      vertex -18 8 17.85
      vertex -18.0785 7.9 17.8525
      vertex -18.0785 8 17.8525
    endloop
  endfacet
  facet normal -0.827081 0 -0.562083
    outer loop
      vertex -19.0113 2 18.3653
      vertex -19.0554 8 18.4302
      vertex -19.0113 8 18.3653
    endloop
  endfacet
  facet normal -0.827081 -0 -0.562083
    outer loop
      vertex -19.0554 8 18.4302
      vertex -19.0113 2 18.3653
      vertex -19.0554 2 18.4302
    endloop
  endfacet
  facet normal -0.860735 0 -0.509053
    outer loop
      vertex -19.0554 2 18.4302
      vertex -19.0954 8 18.4978
      vertex -19.0554 8 18.4302
    endloop
  endfacet
  facet normal -0.860735 -0 -0.509053
    outer loop
      vertex -19.0954 8 18.4978
      vertex -19.0554 2 18.4302
      vertex -19.0954 2 18.4978
    endloop
  endfacet
  facet normal -0.917751 0 -0.397156
    outer loop
      vertex -19.131 2 18.5678
      vertex -19.1622 8 18.6398
      vertex -19.131 8 18.5678
    endloop
  endfacet
  facet normal -0.917751 -0 -0.397156
    outer loop
      vertex -19.1622 8 18.6398
      vertex -19.131 2 18.5678
      vertex -19.1622 2 18.6398
    endloop
  endfacet
  facet normal -0.661324 0 -0.750101
    outer loop
      vertex -18.8557 2 18.1888
      vertex -18.7968 8 18.1369
      vertex -18.7968 2 18.1369
    endloop
  endfacet
  facet normal -0.661324 0 -0.750101
    outer loop
      vertex -18.7968 8 18.1369
      vertex -18.8557 2 18.1888
      vertex -18.8557 8 18.1888
    endloop
  endfacet
  facet normal -0.397162 0 -0.917748
    outer loop
      vertex -18.5 2 17.955
      vertex -18.5322 2 17.969
      vertex -18.5 7.9 17.955
    endloop
  endfacet
  facet normal -0.397151 0 -0.917753
    outer loop
      vertex -18.5 7.9 17.955
      vertex -18.4602 8 17.9378
      vertex -18.4602 7.9 17.9378
    endloop
  endfacet
  facet normal -0.397156 2.33031e-06 -0.917751
    outer loop
      vertex -18.5 7.9 17.955
      vertex -18.5322 8 17.969
      vertex -18.4602 8 17.9378
    endloop
  endfacet
  facet normal -0.397162 -0 -0.917748
    outer loop
      vertex -18.5322 8 17.969
      vertex -18.5 7.9 17.955
      vertex -18.5322 2 17.969
    endloop
  endfacet
  facet normal -0.278985 0 -0.960295
    outer loop
      vertex -18.3863 7.9 17.9112
      vertex -18.3109 8 17.8893
      vertex -18.3109 7.9 17.8893
    endloop
  endfacet
  facet normal -0.278985 0 -0.960295
    outer loop
      vertex -18.3109 8 17.8893
      vertex -18.3863 7.9 17.9112
      vertex -18.3863 8 17.9112
    endloop
  endfacet
  facet normal -0.0940961 0 -0.995563
    outer loop
      vertex -18.1567 7.9 17.8599
      vertex -18.0785 8 17.8525
      vertex -18.0785 7.9 17.8525
    endloop
  endfacet
  facet normal -0.0940961 0 -0.995563
    outer loop
      vertex -18.0785 8 17.8525
      vertex -18.1567 7.9 17.8599
      vertex -18.1567 8 17.8599
    endloop
  endfacet
  facet normal -0.790172 0 -0.612886
    outer loop
      vertex -18.9631 2 18.3032
      vertex -19.0113 8 18.3653
      vertex -18.9631 8 18.3032
    endloop
  endfacet
  facet normal -0.790172 -0 -0.612886
    outer loop
      vertex -19.0113 8 18.3653
      vertex -18.9631 2 18.3032
      vertex -19.0113 2 18.3653
    endloop
  endfacet
  facet normal -0.750089 0 -0.661337
    outer loop
      vertex -18.9112 2 18.2443
      vertex -18.9631 8 18.3032
      vertex -18.9112 8 18.2443
    endloop
  endfacet
  facet normal -0.750089 -0 -0.661337
    outer loop
      vertex -18.9631 8 18.3032
      vertex -18.9112 2 18.2443
      vertex -18.9631 2 18.3032
    endloop
  endfacet
  facet normal -0.891011 0 -0.453982
    outer loop
      vertex -19.0954 2 18.4978
      vertex -19.131 8 18.5678
      vertex -19.0954 8 18.4978
    endloop
  endfacet
  facet normal -0.891011 -0 -0.453982
    outer loop
      vertex -19.131 8 18.5678
      vertex -19.0954 2 18.4978
      vertex -19.131 2 18.5678
    endloop
  endfacet
  facet normal -0.612901 0 -0.79016
    outer loop
      vertex -18.7968 2 18.1369
      vertex -18.7347 8 18.0887
      vertex -18.7347 2 18.0887
    endloop
  endfacet
  facet normal -0.612901 0 -0.79016
    outer loop
      vertex -18.7347 8 18.0887
      vertex -18.7968 2 18.1369
      vertex -18.7968 8 18.1369
    endloop
  endfacet
  facet normal -0.562083 0 -0.827081
    outer loop
      vertex -18.7347 2 18.0887
      vertex -18.6698 8 18.0446
      vertex -18.6698 2 18.0446
    endloop
  endfacet
  facet normal -0.562083 0 -0.827081
    outer loop
      vertex -18.6698 8 18.0446
      vertex -18.7347 2 18.0887
      vertex -18.7347 8 18.0887
    endloop
  endfacet
  facet normal -1 0 0
    outer loop
      vertex -18 10 5.72205e-07
      vertex -18 0.0750504 0.584975
      vertex -18 10 0.584975
    endloop
  endfacet
  facet normal -1 0 0
    outer loop
      vertex -18 0 5.72205e-07
      vertex -18 0.0750504 0.584975
      vertex -18 10 5.72205e-07
    endloop
  endfacet
  facet normal -1 0 0
    outer loop
      vertex -18 0 0.6
      vertex -18 0.0750504 0.584975
      vertex -18 0 5.72205e-07
    endloop
  endfacet
  facet normal -1 0 0
    outer loop
      vertex -18 0.0750504 0.584975
      vertex -18 0 0.6
      vertex -18 0.0750504 0.6
    endloop
  endfacet
  facet normal 0 0 1
    outer loop
      vertex -13.037 8.68172 0.6
      vertex -13 10 0.6
      vertex -13.037 10 0.6
    endloop
  endfacet
  facet normal 0 0 1
    outer loop
      vertex -13.037 8.64308 0.6
      vertex -13 10 0.6
      vertex -13.037 8.68172 0.6
    endloop
  endfacet
  facet normal 0 0 1
    outer loop
      vertex -13.037 6.68172 0.6
      vertex -13 10 0.6
      vertex -13.037 8.64308 0.6
    endloop
  endfacet
  facet normal 0 0 1
    outer loop
      vertex -13 10 0.6
      vertex -13.037 6.68172 0.6
      vertex -13 0 0.6
    endloop
  endfacet
  facet normal -0 0 1
    outer loop
      vertex -13.037 6.64308 0.6
      vertex -13 0 0.6
      vertex -13.037 6.68172 0.6
    endloop
  endfacet
  facet normal -0 0 1
    outer loop
      vertex -13.037 4.68172 0.6
      vertex -13 0 0.6
      vertex -13.037 6.64308 0.6
    endloop
  endfacet
  facet normal -0 0 1
    outer loop
      vertex -13.037 4.64308 0.6
      vertex -13 0 0.6
      vertex -13.037 4.68172 0.6
    endloop
  endfacet
  facet normal -0 0 1
    outer loop
      vertex -13.037 0.0750504 0.6
      vertex -13 0 0.6
      vertex -13.037 4.64308 0.6
    endloop
  endfacet
  facet normal 0 0 1
    outer loop
      vertex -18 0 0.6
      vertex -13.037 0.0750504 0.6
      vertex -18 0.0750504 0.6
    endloop
  endfacet
  facet normal 0 0 1
    outer loop
      vertex -13.037 0.0750504 0.6
      vertex -18 0 0.6
      vertex -13 0 0.6
    endloop
  endfacet
  facet normal 1 -0 0
    outer loop
      vertex -13 0 0.6
      vertex -13 10 5.72205e-07
      vertex -13 10 0.6
    endloop
  endfacet
  facet normal 1 0 0
    outer loop
      vertex -13 10 5.72205e-07
      vertex -13 0 0.6
      vertex -13 0 5.72205e-07
    endloop
  endfacet
  facet normal 0 0 -1
    outer loop
      vertex -18 0 5.72205e-07
      vertex -13 10 5.72205e-07
      vertex -13 0 5.72205e-07
    endloop
  endfacet
  facet normal -0 0 -1
    outer loop
      vertex -13 10 5.72205e-07
      vertex -18 0 5.72205e-07
      vertex -18 10 5.72205e-07
    endloop
  endfacet
  facet normal 0 -1 0
    outer loop
      vertex -18 0 5.72205e-07
      vertex -13 0 0.6
      vertex -18 0 0.6
    endloop
  endfacet
  facet normal 0 -1 -0
    outer loop
      vertex -13 0 0.6
      vertex -18 0 5.72205e-07
      vertex -13 0 5.72205e-07
    endloop
  endfacet
endsolid OpenSCAD_Model
